0.000207297,0
0.000414594,0
0.000621891,0.00194932
0.000621891,0
0.000829187,0.00194932
0.00103648,0.00194932
0.00124378,0.00194932
0.00145108,0.00194932
0.00165837,0.00194932
0.00186567,0.00194932
0.00207297,0.00194932
0.00228027,0.00194932
0.00248756,0.00194932
0.00269486,0.00194932
0.00290216,0.00194932
0.00310945,0.00194932
0.00331675,0.00194932
0.00331675,0.00389864
0.00352405,0.00389864
0.00373134,0.00389864
0.00393864,0.00389864
0.00414594,0.00389864
0.00435323,0.00389864
0.00456053,0.00389864
0.00456053,0.00584795
0.00476783,0.00584795
0.00497512,0.00584795
0.00518242,0.00584795
0.00538972,0.00584795
0.00559701,0.00584795
0.00580431,0.00584795
0.00601161,0.00584795
0.00621891,0.00584795
0.0064262,0.00584795
0.0066335,0.00584795
0.0068408,0.00584795
0.00704809,0.00584795
0.00725539,0.00584795
0.00725539,0.00779727
0.00746269,0.00779727
0.00766998,0.00779727
0.00787728,0.00779727
0.00808458,0.00779727
0.00829187,0.00779727
0.00829187,0.00974659
0.00849917,0.00974659
0.00849917,0.0116959
0.00912106,0.0116959
0.00953566,0.0116959
0.00974295,0.0116959
0.00995025,0.0116959
0.0101575,0.0116959
0.0103648,0.0116959
0.0103648,0.0136452
0.0105721,0.0136452
0.0105721,0.0155945
0.0107794,0.0175439
0.0107794,0.0155945
0.0109867,0.0175439
0.011194,0.0175439
0.0114013,0.0175439
0.0114013,0.0194932
0.0116086,0.0194932
0.0118159,0.0194932
0.0120232,0.0194932
0.0124378,0.0194932
0.0126451,0.0194932
0.0130597,0.0194932
0.013267,0.0194932
0.0134743,0.0194932
0.0136816,0.0194932
0.0138889,0.0194932
0.0140962,0.0194932
0.0143035,0.0194932
0.0145108,0.0194932
0.0147181,0.0194932
0.0149254,0.0194932
0.0151327,0.0194932
0.01534,0.0194932
0.0155473,0.0194932
0.0157546,0.0194932
0.0159619,0.0194932
0.0161692,0.0194932
0.0163765,0.0194932
0.0165837,0.0194932
0.016791,0.0194932
0.0169983,0.0194932
0.0172056,0.0194932
0.0174129,0.0194932
0.0176202,0.0194932
0.0178275,0.0194932
0.0180348,0.0194932
0.0182421,0.0194932
0.0184494,0.0194932
0.0186567,0.0194932
0.018864,0.0194932
0.0190713,0.0194932
0.0192786,0.0194932
0.0194859,0.0194932
0.0196932,0.0194932
0.0196932,0.0214425
0.0199005,0.0214425
0.0199005,0.0233918
0.0201078,0.0233918
0.0203151,0.0233918
0.0205224,0.0233918
0.0207297,0.0233918
0.020937,0.0233918
0.0211443,0.0233918
0.0213516,0.0233918
0.0213516,0.0253411
0.0213516,0.0272904
0.0215589,0.0272904
0.0217662,0.0272904
0.0219735,0.0272904
0.0221808,0.0272904
0.0223881,0.0272904
0.0225954,0.0272904
0.0228027,0.0272904
0.02301,0.0272904
0.0232172,0.0272904
0.0234245,0.0272904
0.0236318,0.0272904
0.0238391,0.0272904
0.0246683,0.0272904
0.0248756,0.0272904
0.0250829,0.0272904
0.0250829,0.0292398
0.0252902,0.0292398
0.0254975,0.0292398
0.0257048,0.0292398
0.0259121,0.0292398
0.0263267,0.0292398
0.026534,0.0292398
0.0267413,0.0292398
0.0269486,0.0292398
0.0273632,0.0292398
0.0275705,0.0292398
0.0277778,0.0292398
0.0283997,0.0292398
0.028607,0.0292398
0.0288143,0.0292398
0.0290216,0.0292398
0.0292289,0.0292398
0.0294362,0.0292398
0.0296434,0.0292398
0.0298507,0.0292398
0.030058,0.0292398
0.0302653,0.0292398
0.0304726,0.0292398
0.0306799,0.0350877
0.0306799,0.0331384
0.0306799,0.0311891
0.0306799,0.0292398
0.0308872,0.0350877
0.0310945,0.0350877
0.0310945,0.037037
0.0313018,0.037037
0.0313018,0.0389864
0.0315091,0.0389864
0.0317164,0.0389864
0.0319237,0.0389864
0.032131,0.0389864
0.0323383,0.0389864
0.0325456,0.0389864
0.0327529,0.0389864
0.0329602,0.0389864
0.0331675,0.0389864
0.0333748,0.0389864
0.0335821,0.0389864
0.0337894,0.0389864
0.0339967,0.0389864
0.034204,0.0389864
0.0344113,0.0389864
0.0346186,0.0389864
0.0348259,0.0389864
0.0350332,0.0389864
0.0352405,0.0389864
0.0354478,0.0389864
0.0356551,0.0389864
0.0358624,0.0389864
0.0360697,0.0389864
0.0364842,0.0389864
0.0366915,0.0389864
0.0368988,0.0389864
0.0371061,0.0389864
0.0373134,0.0389864
0.0375207,0.0389864
0.037728,0.0389864
0.0379353,0.0389864
0.0381426,0.0389864
0.0385572,0.0389864
0.0387645,0.0389864
0.0389718,0.0389864
0.0389718,0.0409357
0.0391791,0.0409357
0.0393864,0.0409357
0.0395937,0.0409357
0.0395937,0.042885
0.039801,0.042885
0.0400083,0.042885
0.0402156,0.042885
0.0404229,0.042885
0.0406302,0.042885
0.0408375,0.042885
0.0416667,0.042885
0.041874,0.042885
0.0420813,0.042885
0.0422886,0.042885
0.0424959,0.042885
0.0427032,0.042885
0.0429104,0.042885
0.0431177,0.042885
0.043325,0.042885
0.0435323,0.042885
0.0437396,0.042885
0.0439469,0.042885
0.0441542,0.042885
0.0441542,0.0448343
0.0443615,0.0448343
0.0445688,0.0448343
0.0447761,0.0448343
0.0449834,0.0448343
0.0451907,0.0448343
0.045398,0.0448343
0.045398,0.0467836
0.045398,0.0487329
0.0456053,0.0487329
0.0458126,0.0487329
0.0464345,0.0487329
0.0466418,0.0487329
0.0468491,0.0487329
0.0470564,0.0487329
0.0472637,0.0487329
0.047471,0.0487329
0.0476783,0.0487329
0.0478856,0.0487329
0.0478856,0.0506823
0.0478856,0.0526316
0.0480929,0.0526316
0.0483002,0.0526316
0.0485075,0.0526316
0.0487148,0.0526316
0.0491294,0.0545809
0.0493366,0.0545809
0.0495439,0.0545809
0.0497512,0.0545809
0.0499585,0.0545809
0.0501658,0.0545809
0.0503731,0.0545809
0.0505804,0.0545809
0.0505804,0.0565302
0.0507877,0.0565302
0.0507877,0.0584795
0.050995,0.0584795
0.0512023,0.0584795
0.0514096,0.0584795
0.0514096,0.0604289
0.0514096,0.0623782
0.0516169,0.0623782
0.0518242,0.0623782
0.0522388,0.0623782
0.0528607,0.0623782
0.053068,0.0623782
0.0532753,0.0623782
0.0534826,0.0623782
0.0536899,0.0623782
0.0538972,0.0623782
0.0541045,0.0623782
0.0543118,0.0623782
0.0545191,0.0623782
0.0545191,0.0643275
0.0547264,0.0643275
0.055141,0.0643275
0.0553483,0.0643275
0.0559702,0.0643275
0.0559702,0.0662768
0.0559702,0.0682261
0.0561774,0.0682261
0.0563847,0.0682261
0.056592,0.0682261
0.0567993,0.0682261
0.0570066,0.0682261
0.0572139,0.0682261
0.0574212,0.0682261
0.0576285,0.0682261
0.0576285,0.0701754
0.0578358,0.0701754
0.0582504,0.0701754
0.0584577,0.0701754
0.058665,0.0701754
0.0588723,0.0701754
0.0592869,0.0701754
0.0594942,0.0701754
0.0597015,0.0701754
0.0599088,0.0701754
0.0601161,0.0701754
0.0603234,0.0701754
0.0605307,0.0701754
0.060738,0.0701754
0.0609453,0.0701754
0.0609453,0.0721248
0.0611526,0.0721248
0.0613599,0.0721248
0.0617745,0.0721248
0.0621891,0.0721248
0.0623964,0.0721248
0.0626036,0.0721248
0.0628109,0.0721248
0.0630182,0.0721248
0.0634328,0.0721248
0.0636401,0.0721248
0.0638474,0.0721248
0.0640547,0.0721248
0.064262,0.0721248
0.0644693,0.0721248
0.0646766,0.0721248
0.0648839,0.0721248
0.0650912,0.0721248
0.0650912,0.0740741
0.0652985,0.0740741
0.0655058,0.0740741
0.0657131,0.0740741
0.0659204,0.0740741
0.066335,0.0740741
0.0667496,0.0740741
0.0669569,0.0740741
0.0671642,0.0740741
0.0673715,0.0740741
0.0675788,0.0740741
0.0677861,0.0740741
0.0679934,0.0740741
0.0679934,0.0760234
0.0682007,0.0760234
0.068408,0.0760234
0.0686153,0.0760234
0.0688226,0.0760234
0.0690299,0.0760234
0.0692372,0.0760234
0.0694444,0.0760234
0.0696517,0.0760234
0.0700663,0.0760234
0.0702736,0.0760234
0.0704809,0.0760234
0.0706882,0.0760234
0.0708955,0.0760234
0.0711028,0.0760234
0.0713101,0.0760234
0.0715174,0.0760234
0.0717247,0.0760234
0.0717247,0.0779727
0.071932,0.0779727
0.071932,0.079922
0.0721393,0.079922
0.0723466,0.079922
0.0725539,0.079922
0.0725539,0.0818713
0.0727612,0.0818713
0.0731758,0.0818713
0.0733831,0.0818713
0.0735904,0.0818713
0.0737977,0.0818713
0.074005,0.0818713
0.0742123,0.0818713
0.0742123,0.0838207
0.0744196,0.0838207
0.0746269,0.0838207
0.0748342,0.0838207
0.0750415,0.0838207
0.0754561,0.0838207
0.0756634,0.0838207
0.0760779,0.0838207
0.0762852,0.0838207
0.0764925,0.0838207
0.0766998,0.0838207
0.0769071,0.0838207
0.0771144,0.0838207
0.0773217,0.0838207
0.077529,0.0838207
0.0777363,0.0838207
0.0779436,0.0838207
0.0781509,0.0838207
0.0783582,0.0838207
0.0785655,0.0838207
0.0789801,0.0838207
0.0791874,0.0838207
0.0791874,0.08577
0.0793947,0.08577
0.079602,0.08577
0.0798093,0.08577
0.0800166,0.08577
0.0802239,0.08577
0.0804312,0.08577
0.0806385,0.08577
0.0806385,0.0877193
0.0808458,0.0877193
0.0812604,0.0877193
0.0814677,0.0877193
0.0818823,0.0877193
0.0820896,0.0877193
0.0822968,0.0877193
0.0825041,0.0877193
0.0827114,0.0877193
0.0829187,0.0877193
0.083126,0.0877193
0.0833333,0.0877193
0.0835406,0.0877193
0.0837479,0.0877193
0.0839552,0.0877193
0.0841625,0.0877193
0.0843698,0.0877193
0.0849917,0.0877193
0.0854063,0.0877193
0.0856136,0.0877193
0.0858209,0.0877193
0.0860282,0.0877193
0.0862355,0.0877193
0.0864428,0.0877193
0.0864428,0.0896686
0.0864428,0.0916179
0.0866501,0.0916179
0.0868574,0.0916179
0.087272,0.0935673
0.087272,0.0916179
0.0874793,0.0935673
0.0876866,0.0935673
0.0878939,0.0935673
0.0881012,0.0935673
0.088723,0.0935673
0.088723,0.0955166
0.0889303,0.0955166
0.0891376,0.0955166
0.0893449,0.0955166
0.0895522,0.0955166
0.0895522,0.0974659
0.0899668,0.0974659
0.0903814,0.0994152
0.0903814,0.0974659
0.0905887,0.0994152
0.090796,0.0994152
0.0910033,0.0994152
0.0910033,0.101365
0.0912106,0.101365
0.0914179,0.101365
0.0916252,0.101365
0.0918325,0.101365
0.0920398,0.101365
0.0922471,0.101365
0.0924544,0.101365
0.0926617,0.101365
0.0926617,0.103314
0.092869,0.103314
0.0930763,0.105263
0.0930763,0.103314
0.0930763,0.107212
0.0932836,0.107212
0.0934909,0.107212
0.0936982,0.107212
0.0939055,0.107212
0.0941128,0.107212
0.0943201,0.107212
0.0945274,0.107212
0.0947347,0.107212
0.094942,0.107212
0.0951493,0.107212
0.0953566,0.107212
0.0955638,0.107212
0.0957711,0.107212
0.0959784,0.107212
0.0961857,0.107212
0.096393,0.107212
0.0968076,0.107212
0.0970149,0.107212
0.0972222,0.107212
0.0974295,0.107212
0.0976368,0.107212
0.0978441,0.107212
0.0980514,0.107212
0.0980514,0.109162
0.098466,0.109162
0.098466,0.111111
0.0986733,0.111111
0.0995025,0.11306
0.0995025,0.111111
0.0997098,0.11306
0.0999171,0.11306
0.100124,0.11306
0.100332,0.11306
0.100539,0.11306
0.100746,0.11501
0.100954,0.11501
0.101575,0.11501
0.101575,0.116959
0.101783,0.116959
0.10199,0.116959
0.10199,0.118908
0.102197,0.118908
0.102612,0.118908
0.105099,0.118908
0.105307,0.118908
0.105514,0.118908
0.105721,0.118908
0.105929,0.118908
0.106343,0.118908
0.106758,0.118908
0.10738,0.124756
0.107587,0.124756
0.108002,0.124756
0.108209,0.124756
0.108416,0.124756
0.109038,0.124756
0.109245,0.124756
0.109245,0.126706
0.109453,0.126706
0.10966,0.126706
0.109867,0.126706
0.110075,0.126706
0.110282,0.126706
0.111111,0.126706
0.111733,0.126706
0.11194,0.126706
0.112148,0.126706
0.112562,0.126706
0.112769,0.126706
0.114013,0.126706
0.114428,0.126706
0.114635,0.126706
0.114635,0.128655
0.114842,0.128655
0.115464,0.128655
0.115672,0.128655
0.115879,0.128655
0.116086,0.128655
0.117123,0.128655
0.117123,0.130604
0.11733,0.130604
0.117745,0.130604
0.117952,0.130604
0.118988,0.130604
0.119196,0.130604
0.119196,0.132554
0.11961,0.132554
0.119818,0.132554
0.120439,0.132554
0.120647,0.132554
0.120647,0.134503
0.120854,0.134503
0.122927,0.134503
0.123134,0.134503
0.123134,0.136452
0.123549,0.136452
0.123756,0.136452
0.123964,0.136452
0.124585,0.136452
0.124585,0.138402
0.124793,0.138402
0.125,0.138402
0.125,0.140351
0.125207,0.140351
0.125415,0.140351
0.125622,0.140351
0.125829,0.140351
0.126036,0.140351
0.126244,0.140351
0.126451,0.140351
0.126658,0.140351
0.126866,0.140351
0.127073,0.140351
0.12728,0.140351
0.127488,0.140351
0.127695,0.140351
0.127902,0.140351
0.128109,0.140351
0.128524,0.1423
0.128524,0.14425
0.128731,0.14425
0.128939,0.14425
0.129146,0.14425
0.129146,0.146199
0.129353,0.146199
0.129561,0.146199
0.129768,0.148148
0.129768,0.146199
0.13039,0.148148
0.130597,0.148148
0.130804,0.148148
0.131426,0.148148
0.131634,0.148148
0.131841,0.148148
0.132048,0.148148
0.132255,0.148148
0.13267,0.148148
0.132877,0.148148
0.133085,0.148148
0.133085,0.152047
0.133292,0.152047
0.133499,0.152047
0.133706,0.152047
0.134121,0.152047
0.134328,0.152047
0.134536,0.152047
0.135365,0.152047
0.135572,0.152047
0.135779,0.152047
0.135987,0.152047
0.136194,0.152047
0.136401,0.152047
0.136609,0.152047
0.136816,0.152047
0.137023,0.152047
0.137231,0.152047
0.137438,0.152047
0.13806,0.152047
0.138267,0.152047
0.138474,0.152047
0.138682,0.152047
0.138889,0.152047
0.139096,0.152047
0.139303,0.152047
0.139511,0.152047
0.139718,0.152047
0.139925,0.152047
0.14034,0.152047
0.140755,0.152047
0.140962,0.152047
0.141169,0.152047
0.141376,0.152047
0.141584,0.152047
0.141791,0.153996
0.141791,0.152047
0.141998,0.153996
0.141998,0.155945
0.141998,0.157895
0.142206,0.157895
0.143242,0.157895
0.143449,0.157895
0.143657,0.157895
0.144071,0.157895
0.144279,0.157895
0.144486,0.157895
0.144693,0.157895
0.144901,0.157895
0.144901,0.161793
0.145315,0.161793
0.145522,0.161793
0.14573,0.163743
0.14573,0.161793
0.145937,0.163743
0.146559,0.163743
0.146766,0.163743
0.147181,0.163743
0.147181,0.165692
0.147388,0.165692
0.147595,0.165692
0.147803,0.165692
0.14801,0.165692
0.148217,0.165692
0.148217,0.167641
0.148425,0.167641
0.148632,0.167641
0.148839,0.167641
0.149046,0.167641
0.149254,0.167641
0.149254,0.169591
0.149461,0.169591
0.149668,0.169591
0.149668,0.17154
0.149876,0.17154
0.150083,0.17154
0.15029,0.17154
0.15029,0.173489
0.15029,0.175439
0.150498,0.175439
0.150498,0.177388
0.150498,0.179337
0.150498,0.181287
0.150705,0.181287
0.151119,0.181287
0.151327,0.181287
0.151534,0.181287
0.152985,0.187135
0.153192,0.187135
0.1534,0.187135
0.153607,0.187135
0.154022,0.187135
0.155058,0.187135
0.155265,0.187135
0.155473,0.187135
0.15568,0.187135
0.155887,0.187135
0.156095,0.187135
0.156302,0.187135
0.156509,0.187135
0.156716,0.187135
0.156924,0.187135
0.156924,0.189084
0.157131,0.189084
0.157338,0.189084
0.157546,0.189084
0.158582,0.189084
0.158789,0.189084
0.158997,0.191033
0.158997,0.192982
0.159619,0.192982
0.159619,0.194932
0.159826,0.194932
0.160033,0.194932
0.16024,0.194932
0.160448,0.194932
0.160655,0.194932
0.161899,0.194932
0.162521,0.194932
0.162728,0.194932
0.162935,0.194932
0.163143,0.194932
0.16335,0.194932
0.163557,0.194932
0.163972,0.196881
0.164179,0.196881
0.164386,0.196881
0.164594,0.196881
0.165423,0.196881
0.165423,0.19883
0.166045,0.19883
0.166252,0.19883
0.166667,0.19883
0.167081,0.19883
0.167289,0.19883
0.167496,0.19883
0.167703,0.19883
0.16791,0.19883
0.168118,0.19883
0.168532,0.19883
0.16874,0.19883
0.16874,0.20078
0.168947,0.20078
0.169362,0.20078
0.169569,0.20078
0.169776,0.20078
0.169983,0.20078
0.170191,0.20078
0.170398,0.202729
0.170398,0.20078
0.170605,0.202729
0.170813,0.202729
0.17102,0.202729
0.171434,0.202729
0.171642,0.202729
0.171849,0.202729
0.172056,0.202729
0.172264,0.202729
0.172471,0.202729
0.172678,0.202729
0.172886,0.202729
0.172886,0.204678
0.173093,0.204678
0.173507,0.204678
0.173715,0.204678
0.174129,0.204678
0.174337,0.204678
0.174544,0.204678
0.174751,0.204678
0.174959,0.204678
0.175373,0.204678
0.17558,0.204678
0.175788,0.204678
0.176202,0.204678
0.17641,0.204678
0.17641,0.206628
0.17641,0.208577
0.176617,0.208577
0.176824,0.208577
0.177653,0.208577
0.177861,0.208577
0.178068,0.208577
0.178275,0.210526
0.178483,0.210526
0.17869,0.210526
0.178897,0.210526
0.179104,0.210526
0.179519,0.210526
0.179726,0.210526
0.179934,0.210526
0.179934,0.212476
0.180141,0.212476
0.180348,0.212476
0.180556,0.212476
0.180763,0.212476
0.181177,0.212476
0.181592,0.212476
0.181799,0.212476
0.182007,0.212476
0.182214,0.212476
0.182214,0.214425
0.182421,0.214425
0.182629,0.214425
0.182629,0.216374
0.182836,0.216374
0.183043,0.216374
0.18325,0.216374
0.18325,0.218324
0.183458,0.218324
0.183665,0.218324
0.183872,0.218324
0.18408,0.218324
0.184701,0.218324
0.184909,0.218324
0.185116,0.218324
0.185323,0.218324
0.185531,0.218324
0.185738,0.218324
0.185738,0.220273
0.186153,0.220273
0.18636,0.220273
0.186567,0.220273
0.187396,0.220273
0.187604,0.220273
0.187811,0.220273
0.188018,0.220273
0.188226,0.220273
0.188433,0.222222
0.18864,0.222222
0.18864,0.224172
0.188847,0.224172
0.189262,0.224172
0.189677,0.224172
0.190091,0.224172
0.190299,0.224172
0.190506,0.224172
0.190506,0.226121
0.190713,0.226121
0.19092,0.226121
0.191128,0.226121
0.191542,0.226121
0.191957,0.230019
0.191957,0.226121
0.191957,0.22807
0.192164,0.230019
0.192371,0.230019
0.192579,0.230019
0.192786,0.230019
0.192993,0.230019
0.193201,0.230019
0.193408,0.230019
0.193615,0.230019
0.193823,0.230019
0.19403,0.230019
0.194237,0.230019
0.19631,0.230019
0.196517,0.230019
0.198176,0.230019
0.198383,0.230019
0.19859,0.230019
0.198798,0.230019
0.199005,0.230019
0.199005,0.231969
0.199212,0.231969
0.19942,0.231969
0.199627,0.231969
0.199834,0.231969
0.200041,0.231969
0.200041,0.233918
0.200249,0.233918
0.200249,0.237817
0.200456,0.237817
0.200871,0.237817
0.201078,0.237817
0.201285,0.237817
0.2017,0.237817
0.202322,0.237817
0.202529,0.237817
0.202736,0.237817
0.202944,0.237817
0.203151,0.237817
0.203358,0.237817
0.203566,0.237817
0.203773,0.237817
0.204602,0.237817
0.205017,0.237817
0.205224,0.237817
0.205431,0.237817
0.206053,0.237817
0.20626,0.237817
0.206468,0.237817
0.206675,0.237817
0.207919,0.237817
0.208126,0.237817
0.208333,0.237817
0.208541,0.237817
0.208748,0.237817
0.208955,0.237817
0.209163,0.237817
0.20937,0.237817
0.20937,0.239766
0.209577,0.239766
0.209577,0.241715
0.209784,0.241715
0.209784,0.243665
0.209992,0.243665
0.210199,0.243665
0.210614,0.243665
0.210821,0.243665
0.21165,0.243665
0.211857,0.243665
0.212065,0.243665
0.212272,0.243665
0.212479,0.243665
0.213101,0.243665
0.213101,0.245614
0.213308,0.245614
0.213516,0.245614
0.213723,0.245614
0.21393,0.245614
0.214138,0.245614
0.214138,0.247563
0.214345,0.247563
0.21476,0.247563
0.214967,0.247563
0.215174,0.247563
0.215381,0.247563
0.215589,0.247563
0.215796,0.247563
0.216003,0.247563
0.216211,0.247563
0.216418,0.247563
0.216625,0.247563
0.216833,0.247563
0.21704,0.247563
0.21704,0.249513
0.217454,0.249513
0.217869,0.249513
0.218284,0.249513
0.218491,0.249513
0.218698,0.249513
0.219113,0.249513
0.21932,0.249513
0.219527,0.249513
0.219735,0.249513
0.219942,0.249513
0.220357,0.249513
0.220564,0.249513
0.220771,0.249513
0.220771,0.251462
0.221393,0.251462
0.2216,0.251462
0.222015,0.251462
0.222222,0.251462
0.22243,0.251462
0.222637,0.251462
0.222844,0.251462
0.223673,0.253411
0.223881,0.253411
0.224917,0.253411
0.226161,0.253411
0.226161,0.255361
0.226575,0.255361
0.226575,0.25731
0.226783,0.25731
0.22699,0.25731
0.227197,0.25731
0.227405,0.25731
0.227612,0.25731
0.227819,0.25731
0.228027,0.25731
0.228234,0.25731
0.228648,0.25731
0.228856,0.25731
0.228856,0.259259
0.229063,0.259259
0.229478,0.259259
0.229685,0.259259
0.229892,0.259259
0.229892,0.261209
0.230307,0.261209
0.230514,0.261209
0.230514,0.263158
0.231136,0.265107
0.231343,0.265107
0.231551,0.265107
0.231551,0.267057
0.231758,0.267057
0.231965,0.267057
0.232172,0.267057
0.23238,0.267057
0.232587,0.267057
0.232794,0.267057
0.233002,0.267057
0.233209,0.267057
0.233416,0.267057
0.233624,0.267057
0.233831,0.267057
0.234038,0.267057
0.234038,0.269006
0.234453,0.269006
0.23466,0.269006
0.23466,0.270955
0.234867,0.270955
0.235282,0.270955
0.235489,0.270955
0.235697,0.270955
0.235904,0.270955
0.236111,0.276803
0.236111,0.278752
0.236318,0.278752
0.236526,0.278752
0.23694,0.278752
0.237148,0.278752
0.237355,0.278752
0.237562,0.278752
0.237769,0.278752
0.237977,0.278752
0.237977,0.280702
0.238184,0.280702
0.238184,0.282651
0.238599,0.282651
0.238599,0.2846
0.239013,0.2846
0.239221,0.2846
0.239428,0.2846
0.239635,0.2846
0.24005,0.2846
0.240257,0.2846
0.240464,0.2846
0.240672,0.2846
0.240879,0.2846
0.241294,0.28655
0.241294,0.2846
0.241501,0.28655
0.241708,0.28655
0.241915,0.28655
0.242123,0.28655
0.24233,0.28655
0.242537,0.28655
0.242745,0.28655
0.243159,0.28655
0.243366,0.28655
0.243574,0.28655
0.243781,0.28655
0.243988,0.28655
0.243988,0.288499
0.244196,0.288499
0.24461,0.288499
0.244818,0.288499
0.245232,0.288499
0.245647,0.288499
0.245854,0.288499
0.246061,0.288499
0.246061,0.290448
0.246269,0.290448
0.246269,0.292398
0.246476,0.292398
0.246891,0.292398
0.247098,0.292398
0.247512,0.292398
0.24772,0.292398
0.247927,0.292398
0.248134,0.292398
0.248342,0.292398
0.248549,0.292398
0.248549,0.294347
0.248549,0.296296
0.248756,0.296296
0.248964,0.296296
0.249171,0.296296
0.249378,0.296296
0.249585,0.296296
0.249793,0.296296
0.25,0.296296
0.250207,0.296296
0.250622,0.296296
0.250829,0.296296
0.251244,0.296296
0.251244,0.298246
0.251451,0.298246
0.251658,0.298246
0.251866,0.298246
0.251866,0.300195
0.252073,0.300195
0.252488,0.300195
0.252902,0.300195
0.253317,0.300195
0.253524,0.300195
0.253731,0.300195
0.253731,0.302144
0.253939,0.302144
0.254146,0.302144
0.254353,0.302144
0.254561,0.302144
0.254561,0.304094
0.254975,0.304094
0.255182,0.304094
0.25539,0.304094
0.255804,0.304094
0.256012,0.304094
0.256426,0.304094
0.257048,0.304094
0.257255,0.304094
0.257463,0.304094
0.25767,0.304094
0.258085,0.304094
0.258292,0.304094
0.258499,0.304094
0.258706,0.304094
0.259121,0.304094
0.259328,0.304094
0.259536,0.304094
0.259743,0.306043
0.260158,0.306043
0.260779,0.306043
0.260779,0.307992
0.260987,0.307992
0.261194,0.307992
0.261401,0.309942
0.261609,0.309942
0.261609,0.311891
0.262023,0.311891
0.262023,0.31384
0.262438,0.31384
0.263474,0.31384
0.263682,0.31384
0.263889,0.31384
0.263889,0.315789
0.265133,0.315789
0.265133,0.317739
0.26534,0.317739
0.266376,0.317739
0.266584,0.317739
0.266791,0.317739
0.266998,0.319688
0.266998,0.321637
0.266998,0.317739
0.267206,0.321637
0.267206,0.323587
0.267413,0.323587
0.26762,0.323587
0.267828,0.323587
0.268242,0.323587
0.268449,0.323587
0.268657,0.323587
0.268864,0.323587
0.269486,0.325536
0.269693,0.325536
0.269693,0.329435
0.269901,0.329435
0.270315,0.329435
0.270522,0.329435
0.271352,0.329435
0.271352,0.331384
0.271559,0.331384
0.271559,0.333333
0.271766,0.333333
0.271973,0.333333
0.271973,0.337232
0.272181,0.337232
0.272388,0.339181
0.272595,0.339181
0.272803,0.339181
0.27301,0.339181
0.27301,0.341131
0.273217,0.341131
0.273425,0.341131
0.273632,0.341131
0.273839,0.341131
0.274046,0.34308
0.274461,0.34308
0.274668,0.34308
0.276327,0.34308
0.276534,0.34308
0.276741,0.345029
0.2784,0.348928
0.278607,0.348928
0.278814,0.348928
0.279022,0.348928
0.279229,0.348928
0.279643,0.350877
0.279851,0.350877
0.280058,0.350877
0.281095,0.350877
0.281302,0.350877
0.281509,0.350877
0.281716,0.350877
0.282131,0.350877
0.282338,0.350877
0.282546,0.350877
0.28296,0.350877
0.283582,0.350877
0.283789,0.350877
0.285033,0.350877
0.28524,0.350877
0.285448,0.350877
0.286277,0.350877
0.286277,0.356725
0.286277,0.352827
0.286277,0.354776
0.286692,0.356725
0.286899,0.356725
0.287106,0.356725
0.287313,0.356725
0.287521,0.356725
0.287521,0.358674
0.287521,0.360624
0.287728,0.360624
0.287935,0.360624
0.288143,0.360624
0.28835,0.360624
0.288557,0.360624
0.289594,0.366472
0.289594,0.368421
0.289801,0.37232
0.290216,0.37232
0.290423,0.37232
0.29063,0.37232
0.290837,0.37232
0.291045,0.37232
0.291252,0.37232
0.292703,0.37232
0.293118,0.37232
0.293325,0.37232
0.29374,0.37232
0.29374,0.374269
0.293947,0.376218
0.293947,0.374269
0.294154,0.376218
0.294362,0.376218
0.294776,0.376218
0.294983,0.376218
0.295191,0.376218
0.295191,0.378168
0.295398,0.378168
0.295813,0.378168
0.29602,0.378168
0.296227,0.378168
0.296227,0.380117
0.296434,0.380117
0.296642,0.380117
0.296849,0.380117
0.297264,0.380117
0.297471,0.380117
0.297678,0.380117
0.297886,0.380117
0.298093,0.380117
0.2983,0.380117
0.298507,0.380117
0.298715,0.380117
0.298922,0.380117
0.299129,0.380117
0.299337,0.380117
0.299959,0.382066
0.300166,0.382066
0.300373,0.382066
0.30058,0.382066
0.30058,0.384016
0.300995,0.384016
0.301202,0.384016
0.302032,0.387914
0.302239,0.387914
0.303068,0.387914
0.30369,0.387914
0.303897,0.387914
0.304934,0.389864
0.305141,0.389864
0.305556,0.391813
0.305763,0.391813
0.30597,0.391813
0.30597,0.393762
0.30597,0.395712
0.306177,0.395712
0.306592,0.395712
0.306592,0.397661
0.306799,0.397661
0.307007,0.401559
0.307214,0.401559
0.307629,0.401559
0.307836,0.401559
0.308043,0.401559
0.30825,0.401559
0.308458,0.401559
0.308665,0.401559
0.308872,0.401559
0.30908,0.401559
0.309287,0.401559
0.309494,0.401559
0.309702,0.401559
0.310116,0.401559
0.312811,0.403509
0.313018,0.403509
0.313433,0.403509
0.314677,0.403509
0.314884,0.403509
0.315506,0.403509
0.315713,0.403509
0.31592,0.403509
0.316128,0.403509
0.316335,0.403509
0.316542,0.403509
0.31675,0.403509
0.316957,0.403509
0.317164,0.403509
0.317164,0.405458
0.317371,0.405458
0.317579,0.405458
0.317786,0.405458
0.317993,0.405458
0.324005,0.415205
0.324005,0.417154
0.324212,0.417154
0.32442,0.417154
0.324627,0.417154
0.324834,0.417154
0.325041,0.417154
0.325249,0.417154
0.325456,0.417154
0.325663,0.417154
0.326907,0.417154
0.327322,0.417154
0.327736,0.417154
0.327944,0.417154
0.328151,0.417154
0.328358,0.417154
0.328566,0.417154
0.328773,0.417154
0.329187,0.417154
0.329602,0.417154
0.329809,0.417154
0.330017,0.417154
0.330224,0.417154
0.330224,0.419103
0.330431,0.419103
0.330431,0.421053
0.330638,0.421053
0.332504,0.423002
0.332504,0.424951
0.332504,0.426901
0.332711,0.426901
0.333541,0.426901
0.333955,0.426901
0.334163,0.426901
0.33437,0.426901
0.334577,0.42885
0.334784,0.42885
0.334992,0.42885
0.335406,0.42885
0.335821,0.42885
0.337272,0.42885
0.337687,0.42885
0.337894,0.42885
0.338101,0.42885
0.338308,0.42885
0.338516,0.42885
0.338723,0.42885
0.33893,0.42885
0.339138,0.42885
0.339345,0.42885
0.340381,0.42885
0.340589,0.42885
0.340796,0.430799
0.341003,0.430799
0.341211,0.430799
0.341211,0.432749
0.341211,0.434698
0.341418,0.434698
0.341625,0.434698
0.341625,0.436647
0.342662,0.436647
0.342869,0.436647
0.343491,0.436647
0.347844,0.444444
0.348051,0.444444
0.351161,0.444444
0.351575,0.446394
0.351783,0.446394
0.35199,0.446394
0.352197,0.446394
0.352197,0.448343
0.352197,0.450292
0.352612,0.450292
0.353027,0.450292
0.353234,0.450292
0.353856,0.450292
0.354063,0.450292
0.35427,0.450292
0.354478,0.450292
0.354685,0.450292
0.354892,0.450292
0.355721,0.450292
0.355929,0.450292
0.356136,0.450292
0.356551,0.450292
0.356758,0.450292
0.356965,0.450292
0.35738,0.450292
0.357587,0.450292
0.357794,0.450292
0.358002,0.450292
0.358209,0.450292
0.358624,0.450292
0.359245,0.450292
0.359453,0.450292
0.35966,0.450292
0.359867,0.450292
0.360075,0.450292
0.360489,0.450292
0.360697,0.450292
0.360904,0.450292
0.361111,0.450292
0.361318,0.450292
0.362148,0.450292
0.362355,0.450292
0.362562,0.450292
0.362769,0.450292
0.362977,0.450292
0.363184,0.450292
0.363391,0.450292
0.363599,0.450292
0.363806,0.450292
0.364013,0.450292
0.364221,0.450292
0.364428,0.450292
0.364635,0.450292
0.36505,0.450292
0.365464,0.450292
0.365672,0.450292
0.365879,0.450292
0.370025,0.452242
0.370232,0.452242
0.370439,0.452242
0.370647,0.452242
0.370854,0.452242
0.371061,0.452242
0.371269,0.452242
0.371683,0.452242
0.374171,0.454191
0.374171,0.452242
0.374585,0.454191
0.374793,0.454191
0.375,0.454191
0.375,0.45614
0.375622,0.45614
0.375829,0.45614
0.376036,0.45614
0.376244,0.45614
0.376451,0.45614
0.376658,0.45614
0.377073,0.45614
0.37728,0.45614
0.377488,0.45614
0.377695,0.45614
0.377902,0.45614
0.378109,0.45614
0.378317,0.45614
0.378731,0.45614
0.378939,0.45614
0.379146,0.45614
0.379353,0.45614
0.379353,0.45809
0.379561,0.45809
0.380182,0.45809
0.38039,0.45809
0.380597,0.45809
0.380804,0.45809
0.381012,0.45809
0.381219,0.460039
0.381219,0.45809
0.381426,0.460039
0.381426,0.461988
0.381633,0.461988
0.381841,0.461988
0.382048,0.461988
0.382255,0.461988
0.38267,0.461988
0.382877,0.461988
0.383292,0.461988
0.383706,0.461988
0.383914,0.461988
0.384121,0.461988
0.384328,0.461988
0.387023,0.461988
0.387023,0.463938
0.387231,0.463938
0.387438,0.465887
0.387438,0.463938
0.387645,0.465887
0.387852,0.465887
0.38806,0.465887
0.388267,0.465887
0.388889,0.465887
0.389096,0.465887
0.389303,0.465887
0.389511,0.465887
0.389718,0.465887
0.389925,0.465887
0.390133,0.465887
0.39034,0.465887
0.39034,0.467836
0.390962,0.467836
0.391169,0.467836
0.391376,0.467836
0.391998,0.469786
0.392206,0.469786
0.392206,0.471735
0.392413,0.471735
0.39262,0.471735
0.393035,0.471735
0.393657,0.471735
0.394071,0.471735
0.394486,0.471735
0.394693,0.471735
0.395522,0.471735
0.39573,0.471735
0.395937,0.471735
0.396352,0.471735
0.396559,0.471735
0.396973,0.471735
0.397388,0.473684
0.397595,0.473684
0.397803,0.473684
0.398632,0.475634
0.398839,0.475634
0.399046,0.475634
0.399461,0.475634
0.399668,0.475634
0.400912,0.475634
0.401327,0.475634
0.401534,0.475634
0.401949,0.477583
0.402156,0.477583
0.402363,0.477583
0.402778,0.477583
0.402985,0.477583
0.403192,0.477583
0.4034,0.477583
0.403607,0.477583
0.403814,0.477583
0.403814,0.479532
0.403814,0.481481
0.404229,0.481481
0.404436,0.481481
0.404643,0.483431
0.404851,0.483431
0.40568,0.483431
0.40568,0.48538
0.405887,0.48538
0.406095,0.48538
0.406302,0.48538
0.406509,0.48538
0.406716,0.48538
0.40796,0.48538
0.409826,0.48538
0.41024,0.48538
0.41107,0.48538
0.411484,0.48538
0.411484,0.487329
0.411692,0.487329
0.411899,0.487329
0.412106,0.487329
0.412313,0.487329
0.412521,0.487329
0.412935,0.487329
0.413143,0.487329
0.41335,0.487329
0.413765,0.487329
0.414179,0.487329
0.416874,0.487329
0.417081,0.487329
0.417289,0.487329
0.421434,0.497076
0.421642,0.497076
0.421849,0.497076
0.422056,0.497076
0.422264,0.497076
0.422471,0.497076
0.422471,0.499025
0.422678,0.499025
0.422886,0.500975
0.424544,0.500975
0.424751,0.500975
0.424959,0.500975
0.425373,0.500975
0.42558,0.500975
0.425995,0.500975
0.426617,0.500975
0.426824,0.500975
0.427032,0.500975
0.427032,0.502924
0.427446,0.502924
0.428897,0.502924
0.429104,0.502924
0.429519,0.502924
0.429726,0.502924
0.430763,0.502924
0.431385,0.502924
0.432007,0.504873
0.432214,0.504873
0.432421,0.504873
0.433043,0.504873
0.43325,0.506823
0.43325,0.508772
0.438433,0.512671
0.438433,0.51462
0.43864,0.51462
0.438847,0.51462
0.439055,0.51462
0.440091,0.51462
0.440506,0.51462
0.440713,0.51462
0.441335,0.51462
0.44175,0.51462
0.443201,0.522417
0.443408,0.522417
0.443615,0.522417
0.443823,0.522417
0.444237,0.522417
0.444444,0.522417
0.445066,0.522417
0.445274,0.522417
0.445481,0.522417
0.445688,0.522417
0.445896,0.522417
0.445896,0.524366
0.446517,0.524366
0.446932,0.524366
0.447347,0.524366
0.447761,0.524366
0.450041,0.526316
0.450249,0.526316
0.450456,0.526316
0.450663,0.526316
0.450871,0.526316
0.451078,0.526316
0.452114,0.526316
0.452529,0.528265
0.452736,0.528265
0.452944,0.528265
0.457919,0.534113
0.458541,0.536062
0.458748,0.536062
0.458955,0.536062
0.461028,0.538012
0.461235,0.538012
0.461443,0.538012
0.46165,0.538012
0.461857,0.538012
0.462065,0.538012
0.462479,0.538012
0.462687,0.538012
0.462894,0.538012
0.463101,0.538012
0.463723,0.538012
0.46393,0.538012
0.464138,0.538012
0.465381,0.538012
0.465589,0.538012
0.465796,0.538012
0.466211,0.54191
0.466418,0.54386
0.466625,0.54386
0.466833,0.54386
0.46704,0.54386
0.467247,0.54386
0.467454,0.54386
0.467869,0.54386
0.468076,0.54386
0.468284,0.54386
0.468491,0.54386
0.468698,0.54386
0.468905,0.54386
0.469113,0.54386
0.46932,0.54386
0.46932,0.545809
0.469527,0.545809
0.469735,0.545809
0.469942,0.545809
0.470149,0.545809
0.470357,0.545809
0.470771,0.545809
0.471393,0.545809
0.471808,0.545809
0.472015,0.545809
0.472222,0.547758
0.47243,0.547758
0.472637,0.547758
0.472844,0.547758
0.473051,0.547758
0.473259,0.547758
0.473673,0.547758
0.473881,0.547758
0.474088,0.547758
0.474295,0.547758
0.474502,0.549708
0.474502,0.547758
0.47471,0.549708
0.475539,0.549708
0.475746,0.549708
0.475746,0.551657
0.475954,0.551657
0.476575,0.551657
0.476575,0.553606
0.476783,0.553606
0.477197,0.553606
0.477405,0.553606
0.478027,0.553606
0.478234,0.553606
0.478856,0.553606
0.479063,0.553606
0.47927,0.553606
0.479685,0.553606
0.479892,0.553606
0.480307,0.553606
0.480514,0.553606
0.480929,0.553606
0.481136,0.553606
0.48238,0.553606
0.482587,0.553606
0.482794,0.553606
0.483002,0.553606
0.483209,0.553606
0.483416,0.553606
0.483416,0.555556
0.484038,0.555556
0.484245,0.555556
0.484453,0.555556
0.48466,0.555556
0.484867,0.557505
0.485282,0.557505
0.485489,0.557505
0.485904,0.557505
0.486111,0.557505
0.486318,0.557505
0.48694,0.557505
0.487148,0.557505
0.487355,0.557505
0.487562,0.557505
0.487769,0.557505
0.488184,0.557505
0.488391,0.557505
0.488806,0.557505
0.489221,0.557505
0.489635,0.557505
0.489842,0.557505
0.49005,0.557505
0.490464,0.559454
0.490672,0.559454
0.491086,0.559454
0.491294,0.559454
0.491708,0.561404
0.491915,0.561404
0.492123,0.561404
0.49233,0.561404
0.493781,0.561404
0.494196,0.561404
0.494403,0.561404
0.49461,0.561404
0.495025,0.561404
0.495025,0.563353
0.495647,0.563353
0.495854,0.563353
0.495854,0.565302
0.497305,0.565302
0.498342,0.565302
0.498549,0.565302
0.498549,0.567251
0.498964,0.567251
0.499171,0.567251
0.499585,0.567251
0.5,0.567251
0.500415,0.567251
0.500829,0.567251
0.501036,0.567251
0.501451,0.569201
0.501658,0.569201
0.501866,0.569201
0.50228,0.569201
0.502488,0.569201
0.502695,0.569201
0.503109,0.569201
0.503317,0.569201
0.503524,0.569201
0.503731,0.569201
0.503939,0.569201
0.504146,0.569201
0.504353,0.569201
0.504561,0.569201
0.50539,0.569201
0.506426,0.569201
0.506634,0.569201
0.506634,0.57115
0.506841,0.57115
0.507255,0.57115
0.507255,0.573099
0.507463,0.573099
0.50767,0.573099
0.507877,0.573099
0.508085,0.573099
0.508292,0.573099
0.508706,0.573099
0.508914,0.573099
0.509536,0.576998
0.509536,0.578947
0.509743,0.578947
0.509743,0.582846
0.509743,0.580897
0.50995,0.582846
0.510365,0.582846
0.510572,0.582846
0.510779,0.582846
0.510987,0.582846
0.511194,0.584795
0.511609,0.586745
0.511816,0.586745
0.51306,0.588694
0.513267,0.588694
0.513474,0.588694
0.513682,0.590643
0.514096,0.590643
0.514304,0.590643
0.514925,0.590643
0.515133,0.590643
0.515755,0.590643
0.516584,0.592593
0.516791,0.592593
0.516998,0.592593
0.517206,0.592593
0.51762,0.592593
0.517828,0.592593
0.518035,0.592593
0.518242,0.592593
0.518657,0.592593
0.518864,0.592593
0.519071,0.592593
0.52073,0.594542
0.524254,0.594542
0.524668,0.594542
0.525083,0.594542
0.52529,0.594542
0.525497,0.594542
0.525912,0.594542
0.526741,0.594542
0.526949,0.594542
0.527156,0.594542
0.527363,0.594542
0.52757,0.594542
0.527778,0.594542
0.527985,0.594542
0.528192,0.594542
0.5284,0.594542
0.528607,0.594542
0.528814,0.594542
0.529229,0.594542
0.529436,0.594542
0.529851,0.594542
0.531095,0.594542
0.531302,0.594542
0.531509,0.594542
0.531716,0.594542
0.531716,0.596491
0.531716,0.598441
0.531924,0.598441
0.532338,0.598441
0.532338,0.60039
0.532338,0.602339
0.532546,0.602339
0.532753,0.602339
0.53296,0.602339
0.533167,0.602339
0.533375,0.602339
0.533582,0.602339
0.534204,0.602339
0.534619,0.602339
0.535448,0.602339
0.535655,0.602339
0.535862,0.602339
0.53607,0.602339
0.536277,0.602339
0.536484,0.602339
0.536692,0.602339
0.536899,0.602339
0.537106,0.602339
0.537521,0.602339
0.537728,0.602339
0.537935,0.602339
0.538765,0.602339
0.538972,0.602339
0.539179,0.602339
0.539386,0.602339
0.539594,0.602339
0.539801,0.602339
0.540216,0.602339
0.540837,0.602339
0.541252,0.602339
0.541459,0.602339
0.541874,0.602339
0.542081,0.602339
0.542289,0.602339
0.542496,0.602339
0.542703,0.602339
0.543532,0.602339
0.54374,0.602339
0.544362,0.602339
0.544362,0.604289
0.544362,0.606238
0.544569,0.606238
0.544776,0.606238
0.545398,0.606238
0.545605,0.606238
0.549129,0.612086
0.551202,0.612086
0.55141,0.612086
0.552032,0.612086
0.55369,0.612086
0.553897,0.612086
0.554105,0.612086
0.554726,0.612086
0.554934,0.612086
0.556385,0.612086
0.557007,0.612086
0.558458,0.614035
0.558665,0.614035
0.558872,0.614035
0.55908,0.614035
0.559287,0.614035
0.559702,0.614035
0.559909,0.614035
0.560116,0.614035
0.560323,0.614035
0.560738,0.614035
0.561567,0.614035
0.562396,0.614035
0.562811,0.615984
0.563018,0.615984
0.563226,0.615984
0.563433,0.615984
0.56364,0.615984
0.564055,0.615984
0.564884,0.615984
0.565713,0.615984
0.56592,0.615984
0.566128,0.615984
0.566542,0.615984
0.56675,0.615984
0.566957,0.615984
0.567786,0.615984
0.569444,0.615984
0.570066,0.621832
0.570688,0.625731
0.570895,0.625731
0.572139,0.625731
0.572347,0.625731
0.572761,0.625731
0.573176,0.625731
0.573383,0.625731
0.573798,0.625731
0.573798,0.62768
0.574005,0.62768
0.574834,0.62768
0.575041,0.62768
0.575456,0.62768
0.577529,0.631579
0.577529,0.62963
0.578151,0.635478
0.580224,0.639376
0.58126,0.641326
0.581468,0.641326
0.581675,0.643275
0.582297,0.643275
0.582919,0.643275
0.58437,0.647173
0.584577,0.647173
0.585821,0.647173
0.586857,0.647173
0.587687,0.647173
0.588101,0.647173
0.588308,0.653021
0.588308,0.647173
0.588516,0.653021
0.588516,0.654971
0.588723,0.654971
0.58893,0.654971
0.589138,0.654971
0.589345,0.654971
0.590174,0.65692
0.590174,0.658869
0.590796,0.658869
0.591418,0.658869
0.591833,0.658869
0.598051,0.658869
0.598673,0.658869
0.598881,0.658869
0.600539,0.662768
0.600539,0.658869
0.601368,0.662768
0.603441,0.664717
0.604063,0.664717
0.604685,0.664717
0.605929,0.670565
0.606343,0.670565
0.606965,0.670565
0.60966,0.672515
0.609867,0.674464
0.610282,0.674464
0.611526,0.676413
0.611733,0.676413
0.613806,0.676413
0.614013,0.676413
0.614221,0.676413
0.614428,0.676413
0.614635,0.676413
0.637645,0.703704
0.647803,0.709552
0.64801,0.709552
0.648217,0.711501
0.656509,0.717349
0.656716,0.717349
0.664179,0.727096
0.665216,0.727096
0.66563,0.727096
0.665837,0.727096
0.666667,0.727096
0.66874,0.729045
0.671435,0.734893
0.671849,0.736842
0.672678,0.738791
0.672886,0.738791
0.673715,0.738791
0.675166,0.74269
0.682421,0.752437
0.686567,0.752437
0.686774,0.752437
0.686982,0.752437
0.689469,0.758285
0.690091,0.758285
0.693823,0.764133
0.694237,0.764133
0.694444,0.764133
0.694652,0.764133
0.695688,0.768031
0.696103,0.768031
0.697554,0.768031
0.697761,0.768031
0.701285,0.77193
0.701493,0.77193
0.7017,0.77193
0.701907,0.773879
0.706053,0.779727
0.711443,0.785575
0.715589,0.787524
0.725539,0.791423
0.727197,0.791423
0.728234,0.793372
0.735696,0.807018
0.747512,0.822612
0.768864,0.834308
1,1
