0.000154663,0
0.000773315,0
0.00103109,0
0.0011342,0
0.00118575,0
0.00206217,0
0.00211373,0
0.0023715,0
0.00242306,0
0.00319637,0
0.00324792,0
0.00340259,0
0.00345414,0
0.00360881,0
0.00366036,0
0.00376347,0
0.00381502,0.00213959
0.0041759,0.00213959
0.00422746,0.00260221
0.00427901,0.00260221
0.00433057,0.00803793
0.00438212,0.00803793
0.00448523,0.0123749
0.00448523,0.0144567
0.00448523,0.0143411
0.00448523,0.00803793
0.00453678,0.0148037
0.00458834,0.0148037
0.00463989,0.0148037
0.00469145,0.0148037
0.004743,0.0163072
0.00598031,0.0163072
0.00618652,0.0163072
0.00628963,0.0179263
0.00634119,0.0179263
0.00649585,0.0179263
0.00685673,0.0179263
0.00690828,0.0179263
0.00716606,0.0179263
0.00716606,0.018042
0.00721761,0.018042
0.00726917,0.018042
0.00732072,0.018042
0.00763005,0.018042
0.0076816,0.018042
0.00773315,0.018042
0.00830025,0.018042
0.00835181,0.018042
0.00840336,0.018042
0.00850647,0.018042
0.00860958,0.018042
0.00886735,0.018042
0.00912512,0.018042
0.00922823,0.018042
0.00958911,0.018042
0.00964067,0.018042
0.00964067,0.0181576
0.00984688,0.0181576
0.00994999,0.0181576
0.0100015,0.0181576
0.0101562,0.0181576
0.0102593,0.0181576
0.010414,0.0183311
0.0104655,0.0183311
0.0106202,0.0183311
0.0107233,0.0227838
0.0107749,0.0227838
0.0108264,0.0227838
0.010878,0.0227838
0.0113935,0.0412884
0.0114966,0.0412884
0.0118575,0.0412884
0.0118575,0.0441219
0.0119091,0.0441219
0.0121153,0.0555138
0.0122699,0.0570751
0.0123215,0.0570751
0.0124762,0.0570751
0.0126308,0.104609
0.0126824,0.104609
0.0127855,0.104609
0.012837,0.104609
0.0132495,0.104609
0.013301,0.133869
0.0134557,0.133869
0.0135072,0.133869
0.0135588,0.133869
0.0137135,0.133869
0.0138681,0.133869
0.0139197,0.168276
0.0140228,0.168276
0.0140743,0.168276
0.0141259,0.168276
0.0141774,0.168276
0.0143321,0.171572
0.0143837,0.171572
0.0156725,0.171572
0.0158787,0.173134
0.0159303,0.173134
0.0159303,0.178396
0.016085,0.178396
0.0161365,0.178396
0.0163427,0.188053
0.0163427,0.191002
0.0163943,0.191002
0.0164458,0.191002
0.0164974,0.191002
0.016549,0.191002
0.0166521,0.191002
0.0168583,0.194819
0.0169098,0.195281
0.0169614,0.202105
0.0170129,0.202105
0.0171676,0.208524
0.0172707,0.208524
0.0173223,0.208524
0.0174769,0.214191
0.0175285,0.215174
0.0177347,0.215463
0.0177863,0.215463
0.0178378,0.217198
0.0178894,0.217198
0.0179925,0.22032
0.0181987,0.221188
0.0184565,0.221188
0.0185596,0.228243
0.0187142,0.228243
0.0188689,0.228243
0.0189205,0.228243
0.0189205,0.228474
0.018972,0.234661
0.0191267,0.234661
0.0191267,0.234835
0.0191267,0.239982
0.0194876,0.239982
0.0195391,0.239982
0.0196422,0.239982
0.0196422,0.241022
0.0196938,0.241022
0.0199,0.241022
0.0202093,0.243682
0.0203124,0.243682
0.0204155,0.243682
0.0205186,0.243682
0.0205702,0.243682
0.0208795,0.254091
0.0209311,0.254149
0.0210857,0.264847
0.0211373,0.264847
0.0211888,0.264847
0.021292,0.264847
0.0213951,0.268606
0.0214466,0.268779
0.0214982,0.268837
0.0215497,0.273001
0.0218075,0.273001
0.0219622,0.273001
0.0220137,0.273001
0.0221168,0.273001
0.0222715,0.274099
0.0223746,0.274157
0.0225293,0.274157
0.0227355,0.274157
0.0228901,0.274157
0.0229417,0.27462
0.0229932,0.27462
0.0240243,0.27462
0.0244368,0.27462
0.0245914,0.27462
0.024643,0.27462
0.0247461,0.27462
0.0250039,0.27462
0.0252616,0.27462
0.0253647,0.27462
0.0258803,0.27462
0.0259318,0.27462
0.0259834,0.27462
0.026035,0.27462
0.0261381,0.27462
0.0261896,0.27462
0.0263443,0.27462
0.0263958,0.27462
0.0266021,0.27462
0.0267052,0.27462
0.0267567,0.27462
0.0268083,0.27462
0.0268598,0.27462
0.0270145,0.27462
0.027066,0.27462
0.0272207,0.27462
0.0272723,0.27462
0.0273754,0.27462
0.0274269,0.27462
0.0274785,0.27462
0.0275816,0.27462
0.0277362,0.27462
0.0277878,0.27462
0.0278394,0.27462
0.0278909,0.27462
0.0278909,0.276297
0.0282518,0.276297
0.028458,0.276297
0.0285096,0.276297
0.0285096,0.279015
0.0290251,0.279015
0.0291282,0.279015
0.029386,0.279015
0.0294891,0.279709
0.0295407,0.279709
0.0295922,0.279709
0.0296438,0.279709
0.0297469,0.279709
0.0299015,0.280981
0.0299531,0.280981
0.0300046,0.284624
0.0300562,0.284624
0.0301077,0.284624
0.0301593,0.284624
0.0302109,0.284624
0.0302624,0.284624
0.030314,0.284624
0.030778,0.284624
0.0310357,0.284624
0.0310873,0.284624
0.0311388,0.284624
0.0312935,0.285896
0.0313451,0.285896
0.0313966,0.285896
0.0314482,0.285896
0.0315513,0.285896
0.0316544,0.285896
0.031809,0.286012
0.0318606,0.286012
0.0320153,0.286012
0.0321699,0.286012
0.0322215,0.286012
0.032273,0.286012
0.0323246,0.286012
0.0323761,0.286706
0.0324277,0.286706
0.0326855,0.286706
0.032737,0.286995
0.0327886,0.286995
0.0329948,0.286995
0.0330463,0.286995
0.0330979,0.286995
0.0330979,0.287457
0.0331495,0.287457
0.033201,0.287457
0.0332526,0.287457
0.0333041,0.287457
0.0333557,0.287457
0.0334072,0.287457
0.0334072,0.287689
0.0334588,0.287689
0.0335103,0.287689
0.0339228,0.28792
0.0339743,0.28792
0.0340774,0.28792
0.0340774,0.290002
0.034129,0.290002
0.0342321,0.290002
0.0350054,0.290002
0.035057,0.290002
0.0351085,0.290002
0.0353147,0.290002
0.0356756,0.290002
0.0357272,0.290869
0.0357787,0.290869
0.036552,0.290869
0.0366036,0.291794
0.0366036,0.307234
0.0366552,0.307234
0.0371707,0.307234
0.0373769,0.307234
0.0373769,0.307523
0.0374285,0.307523
0.0376347,0.307523
0.0376862,0.315041
0.0377378,0.315041
0.0377893,0.315041
0.0378409,0.315041
0.0380987,0.316082
0.0381502,0.316082
0.0382533,0.316082
0.0384596,0.317759
0.0385111,0.317759
0.0386658,0.334471
0.0387173,0.334471
0.0389235,0.334471
0.0391298,0.334644
0.0391298,0.336841
0.0391298,0.338865
0.0394391,0.359972
0.0394906,0.359972
0.0396969,0.359972
0.0396969,0.365755
0.0397484,0.365755
0.0398515,0.368357
0.0400062,0.368357
0.0401093,0.370902
0.040264,0.370902
0.0403155,0.370902
0.0403155,0.372694
0.0403155,0.374024
0.0403155,0.37547
0.0403671,0.37547
0.0405733,0.37547
0.0406248,0.37547
0.0406248,0.376569
0.0407795,0.376569
0.0409342,0.378419
0.0410373,0.378419
0.0411404,0.378419
0.0411404,0.379055
0.0411919,0.379402
0.0412435,0.379402
0.0412435,0.381368
0.041295,0.381368
0.0413466,0.383103
0.0413982,0.383855
0.0413982,0.383103
0.0414497,0.396519
0.0416559,0.399005
0.0417075,0.399005
0.0417075,0.399121
0.041759,0.399121
0.041759,0.399641
0.0419137,0.399641
0.0419653,0.400567
0.0423777,0.400567
0.0424808,0.400567
0.0425839,0.400567
0.0425839,0.40074
0.0426355,0.40074
0.0426355,0.401434
0.0427901,0.401434
0.0428417,0.401434
0.0428932,0.401434
0.0430479,0.401434
0.0432026,0.401434
0.0432541,0.401434
0.0434088,0.401434
0.0434603,0.413693
0.0434603,0.401434
0.0435119,0.413693
0.0435634,0.413751
0.0435634,0.413693
0.043615,0.413751
0.0436665,0.413751
0.0437181,0.415891
0.0437697,0.415891
0.0438212,0.415949
0.0440274,0.416006
0.0441821,0.416006
0.0442852,0.416064
0.0443368,0.419418
0.0443368,0.416064
0.044543,0.419418
0.0445945,0.419418
0.0446461,0.419418
0.0446976,0.419418
0.0447492,0.419418
0.0448007,0.419418
0.0448523,0.419418
0.0448523,0.419823
0.0449039,0.419823
0.045007,0.419823
0.0454709,0.423004
0.0455741,0.423004
0.0456256,0.423004
0.0460896,0.423004
0.0461412,0.423004
0.0461412,0.42416
0.0461412,0.429364
0.0461412,0.429422
0.0462443,0.429422
0.0477393,0.429422
0.0477909,0.463945
0.0478425,0.463945
0.047894,0.463945
0.047894,0.468976
0.0479456,0.468976
0.0481002,0.468976
0.0481518,0.470364
0.0482549,0.470364
0.0484095,0.470364
0.0484611,0.470364
0.0486158,0.470364
0.0486158,0.473139
0.0487189,0.473602
0.0487704,0.47366
0.0487704,0.473602
0.0488735,0.474412
0.0488735,0.47499
0.0490282,0.47499
0.0490798,0.475048
0.0490798,0.47499
0.0491313,0.475048
0.0491829,0.475048
0.0491829,0.477939
0.0491829,0.475857
0.0493375,0.477939
0.0493891,0.477939
0.0494406,0.477939
0.0494406,0.489273
0.0495437,0.489273
0.0500077,0.489273
0.0500593,0.489273
0.0503171,0.489273
0.0503686,0.489273
0.0504202,0.489273
0.0504717,0.489273
0.0504717,0.49361
0.0507295,0.498525
0.0509873,0.498525
0.0510904,0.498525
0.0511935,0.498525
0.0512966,0.498525
0.0513481,0.501128
0.0513997,0.501128
0.0529979,0.501128
0.0530494,0.501128
0.053101,0.501128
0.0531526,0.501128
0.0532041,0.501128
0.0532041,0.502458
0.0540805,0.502458
0.0541836,0.502458
0.0541836,0.50373
0.0542352,0.503788
0.0542352,0.50425
0.0542867,0.505465
0.0553178,0.505812
0.0553178,0.506101
0.0554725,0.506101
0.0554725,0.50691
0.0554725,0.506968
0.0554725,0.507026
0.0562458,0.507026
0.0562458,0.507257
0.0562974,0.507257
0.0562974,0.509108
0.0562974,0.509397
0.0564005,0.509397
0.0566067,0.512693
0.0566067,0.512751
0.0566067,0.509397
0.0568645,0.512751
0.0568645,0.512809
0.0570707,0.512809
0.0571222,0.512809
0.0571738,0.512809
0.0585142,0.512809
0.0585142,0.513271
0.0585658,0.513271
0.0586173,0.513271
0.0586689,0.513271
0.0589782,0.513271
0.0590813,0.513965
0.0590813,0.515237
0.0591329,0.515237
0.0591844,0.515989
0.0591844,0.516163
0.0591844,0.518823
0.0591844,0.523564
0.0594937,0.523564
0.0595453,0.523564
0.0595968,0.523564
0.0595968,0.524663
0.0595968,0.524258
0.0596484,0.524663
0.0596484,0.526745
0.0596484,0.526803
0.0597515,0.526803
0.0597515,0.528017
0.0597515,0.528075
0.0597515,0.529983
0.0599577,0.529983
0.0599577,0.530215
0.0599577,0.532296
0.0603702,0.53247
0.0604217,0.532643
0.0604733,0.532643
0.0605764,0.532817
0.0605764,0.533684
0.0606279,0.533684
0.0606795,0.533684
0.0606795,0.533742
0.0608342,0.533742
0.0609888,0.533742
0.0610404,0.533742
0.0610919,0.5338
0.0610919,0.533742
0.061195,0.5338
0.0618652,0.5338
0.0619168,0.5338
0.0619683,0.5338
0.0620715,0.5338
0.0622261,0.5338
0.0623292,0.5338
0.0623808,0.5338
0.0624323,0.5338
0.0624323,0.534552
0.062587,0.534552
0.0626901,0.534552
0.0628963,0.534552
0.0629479,0.534552
0.0629994,0.534552
0.0629994,0.536055
0.0629994,0.544556
0.063051,0.544556
0.0631025,0.544556
0.0631025,0.544729
0.0631025,0.554213
0.0632057,0.554213
0.0632572,0.557567
0.0632572,0.554213
0.0633603,0.557567
0.0634119,0.557567
0.0636181,0.557567
0.0637212,0.557567
0.0637212,0.559128
0.0638243,0.559128
0.0641336,0.559128
0.0645461,0.559764
0.0645976,0.559764
0.0645976,0.563118
0.0648554,0.563118
0.0649585,0.563118
0.0650101,0.563118
0.0650616,0.563118
0.0650616,0.564043
0.0651132,0.564043
0.0651647,0.564332
0.0652163,0.564332
0.0653194,0.564332
0.0653709,0.564332
0.0653709,0.56439
0.0654225,0.56439
0.065474,0.56439
0.0655771,0.564448
0.0655771,0.56439
0.0658865,0.564448
0.0659896,0.564448
0.0659896,0.564679
0.0659896,0.564737
0.0660411,0.564737
0.0660927,0.564737
0.0660927,0.564853
0.0661958,0.564853
0.0665567,0.564853
0.0666082,0.564853
0.0666598,0.564968
0.0666598,0.564853
0.0667113,0.564968
0.0667629,0.564968
0.0668145,0.564968
0.0670207,0.564968
0.0670722,0.564968
0.0672269,0.564968
0.0672784,0.564968
0.0672784,0.566241
0.0675362,0.566241
0.0675878,0.566241
0.0676393,0.566241
0.0677424,0.566241
0.067794,0.566298
0.0678455,0.566298
0.0684642,0.566703
0.0685157,0.566703
0.069186,0.566703
0.0692375,0.566703
0.0692891,0.566703
0.0693406,0.566703
0.0693922,0.566703
0.0694953,0.566703
0.0695468,0.566703
0.0695984,0.566703
0.0696499,0.566703
0.0697015,0.566703
0.0697531,0.566703
0.0701139,0.566703
0.0701655,0.566703
0.0702686,0.566703
0.0703202,0.566703
0.0703717,0.566703
0.0704233,0.566703
0.0704748,0.566703
0.0705264,0.566703
0.0705779,0.566703
0.0706295,0.566703
0.0706295,0.566819
0.070681,0.56705
0.0711966,0.56705
0.0712997,0.567108
0.0715575,0.567108
0.071609,0.567108
0.0716606,0.567108
0.0717121,0.567108
0.0718668,0.567108
0.0720214,0.567108
0.072073,0.567108
0.0721246,0.567802
0.0722792,0.567802
0.0723823,0.567802
0.0724339,0.567802
0.0724854,0.56786
0.072537,0.56786
0.072537,0.570115
0.0725885,0.570115
0.0725885,0.570925
0.0726917,0.571098
0.0727432,0.571098
0.0727948,0.571098
0.0728463,0.571098
0.0728463,0.571387
0.0728463,0.571156
0.0728979,0.571387
0.0729494,0.571387
0.0732588,0.571387
0.0732588,0.571503
0.0732588,0.571966
0.0733103,0.571966
0.0733619,0.571966
0.0735165,0.573238
0.0735165,0.572891
0.0735165,0.572197
0.0735165,0.571966
0.0736196,0.573238
0.0736712,0.573238
0.0737227,0.573238
0.0737227,0.573353
0.0737227,0.573527
0.0737743,0.573527
0.0738259,0.573527
0.0738774,0.573527
0.0739805,0.573527
0.0740321,0.573527
0.0740836,0.574047
0.0740836,0.573527
0.0740836,0.577575
0.0740836,0.576071
0.0740836,0.577228
0.0741352,0.577575
0.0742383,0.578442
0.0742898,0.578442
0.0743414,0.578442
0.0743929,0.578442
0.0744445,0.578442
0.0744445,0.578731
0.0744445,0.578789
0.0744961,0.578789
0.0744961,0.57902
0.0745476,0.57902
0.0745476,0.579078
0.0745992,0.579078
0.0747023,0.579078
0.0748054,0.579078
0.0749085,0.579078
0.0749085,0.589603
0.07496,0.589661
0.07496,0.589603
0.0750116,0.589661
0.0750632,0.589661
0.0753209,0.589661
0.0753209,0.590008
0.0753209,0.591106
0.0753209,0.591742
0.0755271,0.591742
0.0756303,0.591742
0.0756818,0.591742
0.0757334,0.592899
0.0757334,0.592783
0.0757334,0.592263
0.0758365,0.592899
0.0758365,0.592957
0.0758365,0.593477
0.0758365,0.593708
0.0760427,0.593998
0.0760942,0.593998
0.0760942,0.594055
0.0761458,0.594055
0.0761458,0.594113
0.0761458,0.594171
0.0761973,0.594171
0.0761973,0.594229
0.0768676,0.594229
0.0769191,0.594229
0.0770222,0.594229
0.0770222,0.594287
0.0770222,0.594345
0.0770738,0.594345
0.0770738,0.603655
0.0770738,0.603712
0.0775378,0.603712
0.0775378,0.60377
0.0775378,0.605043
0.0775378,0.6051
0.0775893,0.6051
0.0775893,0.605968
0.0775893,0.605158
0.0778986,0.605968
0.0778986,0.606083
0.0778986,0.606199
0.0781049,0.606199
0.0781049,0.606488
0.0781049,0.606662
0.0781049,0.606719
0.0781049,0.606777
0.0781049,0.607009
0.0781564,0.607009
0.0781564,0.60724
0.0781564,0.607124
0.0783111,0.60724
0.0783111,0.607645
0.0783111,0.607876
0.0783626,0.607876
0.0784142,0.607876
0.0784142,0.608107
0.0784142,0.608165
0.0784142,0.608223
0.0785173,0.608223
0.0785689,0.608223
0.078672,0.608223
0.078672,0.60938
0.078672,0.609322
0.0789297,0.60938
0.0793937,0.60938
0.0794968,0.60938
0.0794968,0.612213
0.0795484,0.612213
0.0795484,0.614353
0.0795999,0.614353
0.0796515,0.614353
0.0796515,0.614931
0.0796515,0.614584
0.0796515,0.614642
0.079703,0.614931
0.0797546,0.614931
0.0797546,0.616492
0.0797546,0.61655
0.0798062,0.61655
0.0798062,0.616839
0.0798062,0.617591
0.080167,0.617591
0.080167,0.617649
0.080167,0.618054
0.0802186,0.618054
0.0804764,0.618054
0.0816106,0.618054
0.0819199,0.618054
0.0819714,0.618054
0.082023,0.618054
0.0822292,0.618054
0.0823323,0.618054
0.0823323,0.618401
0.0823839,0.618401
0.082487,0.618401
0.0825385,0.618401
0.0826416,0.618401
0.0833634,0.618401
0.083415,0.618401
0.0834665,0.618401
0.0835181,0.618401
0.0835696,0.618401
0.0835696,0.618458
0.0836212,0.618458
0.0837243,0.618458
0.0837758,0.618458
0.0838274,0.618458
0.0838789,0.618458
0.0839821,0.618458
0.0839821,0.618863
0.0840336,0.618863
0.0840852,0.618863
0.0841367,0.618863
0.0841367,0.619152
0.0841883,0.619152
0.0842398,0.619152
0.0842914,0.619152
0.0843429,0.619152
0.0843429,0.619788
0.0843429,0.619557
0.0843945,0.619788
0.0850647,0.619788
0.0851678,0.619788
0.0851678,0.620251
0.0852194,0.620251
0.0852709,0.620251
0.0853225,0.620251
0.0855802,0.620251
0.0857349,0.620251
0.0863536,0.620251
0.0863536,0.621003
0.0864051,0.621003
0.0864051,0.621465
0.0864051,0.621639
0.0865082,0.621639
0.0865598,0.621639
0.0865598,0.622275
0.0876424,0.622275
0.087694,0.622275
0.0879002,0.622275
0.0880549,0.622275
0.0881064,0.622275
0.0881064,0.62453
0.0881064,0.631527
0.0881064,0.632973
0.088158,0.632973
0.088622,0.635286
0.088622,0.632973
0.088622,0.633898
0.0887766,0.635286
0.0888282,0.635286
0.0889828,0.635286
0.0891891,0.635286
0.0892406,0.635286
0.0892406,0.635402
0.0892406,0.635459
0.0892406,0.636327
0.0894468,0.636327
0.0903232,0.636327
0.0904264,0.636327
0.0904264,0.636732
0.0904264,0.636558
0.0906326,0.636732
0.0906841,0.636732
0.0908903,0.636732
0.0909419,0.636732
0.0909419,0.636905
0.0909934,0.636905
0.0909934,0.636963
0.0911481,0.636963
0.0912512,0.636963
0.0913028,0.637483
0.0922823,0.637483
0.0924885,0.637657
0.0924885,0.637715
0.0924885,0.637483
0.0925401,0.637715
0.0925916,0.637715
0.0927979,0.637715
0.0931587,0.637715
0.0932103,0.637715
0.0932103,0.637888
0.0932618,0.637888
0.0932618,0.637946
0.0935712,0.637946
0.0936227,0.637946
0.0936743,0.637946
0.0937258,0.637946
0.0939321,0.637946
0.0939836,0.637946
0.0940352,0.637946
0.0941898,0.637946
0.0941898,0.638351
0.0941898,0.638409
0.0942414,0.638409
0.094396,0.638466
0.094396,0.638409
0.0949631,0.638466
0.0951694,0.638466
0.0952209,0.638466
0.0954787,0.638466
0.0954787,0.638524
0.0955818,0.638524
0.0956333,0.638524
0.0957365,0.638524
0.0960458,0.638524
0.0963551,0.638524
0.0963551,0.63864
0.0974377,0.63864
0.0976955,0.63864
0.0977471,0.63864
0.0977986,0.63864
0.0978502,0.63864
0.0980564,0.63864
0.0982626,0.63864
0.0983142,0.63864
0.0984173,0.639045
0.0984173,0.63864
0.0984688,0.639045
0.0985719,0.639045
0.0992937,0.639045
0.0993968,0.639045
0.0994484,0.639045
0.0995515,0.639045
0.0995515,0.639392
0.099603,0.639392
0.0999124,0.639392
0.100067,0.639392
0.100067,0.639507
0.10017,0.639507
0.100222,0.639507
0.100634,0.639507
0.100789,0.639507
0.100943,0.639507
0.100943,0.648239
0.101201,0.648239
0.101201,0.651535
0.101201,0.65859
0.101201,0.658879
0.101304,0.658879
0.102748,0.670387
0.102748,0.670329
0.102748,0.658879
0.102748,0.670156
0.102799,0.670387
0.102903,0.670387
0.102954,0.670387
0.103006,0.670387
0.103006,0.671948
0.10316,0.671948
0.10316,0.672006
0.10316,0.672122
0.103212,0.672122
0.103315,0.67218
0.103315,0.672122
0.103367,0.67218
0.10347,0.67218
0.103521,0.67218
0.103521,0.672237
0.103521,0.675765
0.103521,0.67854
0.103573,0.67854
0.103624,0.67854
0.103779,0.67854
0.103779,0.680044
0.103882,0.680044
0.103934,0.680044
0.103985,0.680044
0.104037,0.680796
0.104037,0.683167
0.104037,0.683398
0.104037,0.680044
0.104088,0.683398
0.104088,0.683571
0.104088,0.687504
0.10414,0.687504
0.10414,0.688545
0.104243,0.688545
0.104243,0.689701
0.104501,0.689701
0.104501,0.689759
0.104552,0.689759
0.104604,0.689759
0.104707,0.689759
0.104758,0.689759
0.10481,0.689759
0.10481,0.690511
0.10481,0.690684
0.10481,0.693286
0.10481,0.696235
0.104862,0.696235
0.104862,0.696698
0.104913,0.696698
0.104965,0.696698
0.104965,0.727231
0.104965,0.727809
0.104965,0.728272
0.105016,0.728272
0.105119,0.728272
0.105171,0.728272
0.105222,0.728503
0.105222,0.729602
0.105222,0.728329
0.105222,0.728272
0.105326,0.729602
0.105326,0.729659
0.105429,0.729659
0.105429,0.729775
0.105429,0.731279
0.105429,0.732319
0.105429,0.743711
0.10548,0.743711
0.105532,0.747412
0.105532,0.747354
0.105532,0.743711
0.105532,0.744463
0.105686,0.749031
0.105686,0.747412
0.105686,0.749205
0.106099,0.749205
0.106099,0.758978
0.106099,0.758746
0.106099,0.756665
0.106099,0.755855
0.106099,0.75545
0.106099,0.750419
0.106099,0.750361
0.106099,0.750246
0.106099,0.750188
0.106099,0.749263
0.106099,0.750535
0.10615,0.783612
0.10615,0.772683
0.10615,0.787024
0.10615,0.787775
0.10615,0.78818
0.10615,0.789626
0.10615,0.793674
0.10615,0.793905
0.10615,0.794079
0.10615,0.795235
0.10615,0.795293
0.10615,0.797664
0.10615,0.772451
0.10615,0.758978
0.10615,0.760076
0.10615,0.760597
0.10615,0.760886
0.10615,0.76158
0.10615,0.762274
0.10615,0.768172
0.10615,0.770023
0.10615,0.77222
0.10615,0.772914
0.106254,0.797664
0.106254,0.797722
0.106254,0.800729
0.106305,0.800729
0.106357,0.800729
0.10646,0.800729
0.10646,0.80096
0.106563,0.80096
0.106614,0.80096
0.106666,0.803562
0.106666,0.80096
0.106718,0.803562
0.106718,0.809576
0.106718,0.804372
0.106718,0.808477
0.106769,0.809576
0.106769,0.809692
0.106769,0.812467
0.106769,0.81293
0.106821,0.81293
0.106821,0.813046
0.106821,0.813161
0.106872,0.815821
0.106872,0.818886
0.106872,0.813161
0.106924,0.818886
0.106924,0.819465
0.106975,0.819465
0.106975,0.827213
0.106975,0.827907
0.108573,0.827907
0.108625,0.827907
0.108728,0.827907
0.10878,0.828832
0.10878,0.827907
0.108831,0.82889
0.108883,0.82889
0.108934,0.82889
0.108934,0.830278
0.109089,0.830278
0.109192,0.830278
0.109244,0.830278
0.109347,0.830278
0.109347,0.834615
0.109398,0.834615
0.109398,0.84034
0.109501,0.84034
0.109553,0.84034
0.109605,0.84034
0.109656,0.84034
0.109656,0.840456
0.109708,0.840456
0.109759,0.840456
0.109759,0.84248
0.109811,0.84248
0.109862,0.84248
0.109862,0.843578
0.109914,0.843578
0.109965,0.84381
0.109965,0.843578
0.110017,0.84381
0.110069,0.84381
0.11012,0.84381
0.110172,0.84381
0.110223,0.84381
0.110275,0.84381
0.110275,0.843867
0.110326,0.843867
0.110429,0.843867
0.110481,0.843867
0.110481,0.843925
0.110533,0.844099
0.110533,0.843925
0.110584,0.844099
0.110584,0.844157
0.110636,0.844157
0.110687,0.844157
0.110739,0.844157
0.11079,0.844157
0.110842,0.844157
0.110842,0.84433
0.110893,0.84433
0.111048,0.844504
0.111048,0.84433
0.1111,0.844504
0.111151,0.844504
0.111203,0.844504
0.111254,0.844504
0.111409,0.844504
0.111718,0.844504
0.11177,0.844504
0.111821,0.844504
0.111873,0.844504
0.111976,0.844504
0.112028,0.844504
0.112079,0.844504
0.112131,0.844504
0.112492,0.844504
0.112543,0.844504
0.112595,0.844504
0.112646,0.844504
0.112698,0.844504
0.112853,0.844504
0.112853,0.845082
0.112956,0.845082
0.113059,0.845082
0.113162,0.845082
0.113213,0.845082
0.113265,0.845082
0.113316,0.845082
0.113368,0.845082
0.11342,0.845082
0.11378,0.845082
0.113832,0.845082
0.113884,0.845082
0.114193,0.845082
0.114244,0.845082
0.114296,0.845082
0.114348,0.845082
0.114399,0.845082
0.114451,0.845082
0.114502,0.845082
0.114863,0.845082
0.114915,0.845082
0.114966,0.845082
0.115069,0.845082
0.115121,0.845082
0.115172,0.845082
0.115224,0.845082
0.115224,0.84514
0.115276,0.845429
0.115276,0.84514
0.115327,0.845429
0.115379,0.845429
0.11543,0.845429
0.115482,0.845429
0.115533,0.845429
0.115791,0.845429
0.115843,0.845429
0.115894,0.845429
0.115946,0.845429
0.115997,0.845429
0.115997,0.849014
0.116049,0.849014
0.1161,0.849014
0.116152,0.849014
0.116255,0.849014
0.116307,0.849014
0.116358,0.84913
0.11641,0.84913
0.116461,0.84913
0.116925,0.84913
0.116977,0.84913
0.116977,0.849245
0.117028,0.849245
0.11708,0.849245
0.117132,0.849245
0.117338,0.849245
0.117389,0.849245
0.117441,0.849245
0.117544,0.849245
0.117596,0.849245
0.117647,0.849245
0.117802,0.849245
0.117802,0.849303
0.117905,0.849303
0.117956,0.849303
0.117956,0.849361
0.118008,0.849361
0.118059,0.849361
0.118111,0.849361
0.118163,0.849361
0.118266,0.849361
0.11842,0.849361
0.11842,0.849419
0.11873,0.849419
0.11873,0.849708
0.118781,0.849708
0.118833,0.849708
0.118884,0.849708
0.118987,0.849708
0.119039,0.849708
0.119091,0.849708
0.119142,0.849708
0.119142,0.849824
0.119142,0.849939
0.119194,0.849939
0.119194,0.850633
0.119915,0.850633
0.119915,0.850691
0.120431,0.850691
0.120534,0.850691
0.12074,0.850691
0.12074,0.854623
0.12074,0.854103
0.12074,0.853929
0.120792,0.854623
0.120947,0.854623
0.121153,0.854623
0.121204,0.854623
0.121256,0.854623
0.121307,0.856936
0.121307,0.855433
0.121307,0.855317
0.121307,0.854623
0.121565,0.857225
0.121565,0.856936
0.121617,0.857225
0.12172,0.857225
0.121771,0.857225
0.121771,0.858787
0.121771,0.87041
0.121771,0.876308
0.121771,0.876482
0.121771,0.877985
0.121771,0.878274
0.121875,0.878274
0.121875,0.878911
0.121926,0.878911
0.121978,0.878911
0.122029,0.878911
0.122029,0.880761
0.122029,0.881397
0.122029,0.881744
0.122029,0.881802
0.122081,0.881802
0.122081,0.892673
0.122081,0.893078
0.122132,0.893078
0.122132,0.893136
0.122184,0.893136
0.122184,0.894003
0.122184,0.894524
0.122184,0.894929
0.122235,0.895565
0.122235,0.895796
0.122235,0.905916
0.122287,0.905916
0.12239,0.913896
0.12239,0.924999
0.12239,0.924941
0.12239,0.906147
0.12239,0.905916
0.122648,0.924999
0.122802,0.924999
0.122802,0.925114
0.122802,0.92974
0.122802,0.929798
0.122802,0.929856
0.122802,0.930145
0.122854,0.936159
0.122854,0.937142
0.122854,0.930145
0.122854,0.936101
0.122957,0.937142
0.123009,0.937142
0.123473,0.937142
0.123524,0.937142
0.123576,0.937142
0.123576,0.937952
0.123627,0.937952
0.123679,0.937952
0.123679,0.93801
0.123679,0.939166
0.123679,0.939282
0.123679,0.939744
0.12373,0.939802
0.12373,0.939918
0.12373,0.939744
0.123782,0.939918
0.123834,0.939918
0.123834,0.940438
0.124246,0.940438
0.124298,0.940438
0.124349,0.940438
0.124349,0.940496
0.124349,0.940554
0.125122,0.940554
0.125174,0.940554
0.12538,0.940554
0.12538,0.942925
0.125483,0.942925
0.125483,0.942983
0.125483,0.955473
0.12569,0.955473
0.126257,0.955473
0.12636,0.955473
0.12636,0.956514
0.126411,0.956514
0.126463,0.956514
0.126463,0.959521
0.126824,0.959521
0.126978,0.959521
0.12703,0.959521
0.12703,0.964899
0.12703,0.965015
0.127082,0.965015
0.127082,0.965824
0.127082,0.966923
0.127185,0.971376
0.127185,0.966923
0.127185,0.971029
0.127339,0.971376
0.127545,0.971376
0.127649,0.971376
0.1277,0.971376
0.127752,0.971376
0.127855,0.971376
0.127906,0.971376
0.127958,0.971376
0.128009,0.971376
0.128061,0.971376
0.128113,0.971376
0.128113,0.971491
0.128164,0.971491
0.128216,0.971491
0.128216,0.97392
0.128783,0.97392
0.128834,0.97392
0.128886,0.97392
0.129298,0.97392
0.129298,0.974383
0.12935,0.974383
0.129401,0.974383
0.129505,0.974383
0.129556,0.974383
0.129608,0.97525
0.129608,0.974383
0.129659,0.97525
0.129659,0.977679
0.129711,0.977679
0.129814,0.977679
0.129917,0.977679
0.13002,0.977679
0.13002,0.979645
0.130072,0.991268
0.130072,0.992598
0.130072,0.992482
0.130072,0.991499
0.130072,0.991152
0.130072,0.988435
0.130072,0.979645
0.130123,0.992598
0.130175,0.992598
0.130226,0.992598
0.130329,0.992598
0.130329,0.992656
0.130329,0.992887
0.130329,0.99387
0.130381,0.99387
0.130381,0.993928
0.131309,0.993928
0.131309,0.995489
0.131309,0.995374
0.131361,0.995489
0.131464,0.995489
0.131515,0.995489
0.131567,0.995489
0.131618,0.995489
0.13167,0.995489
0.131825,0.995489
0.131825,0.995894
0.131876,0.995894
0.132082,0.995894
0.132082,0.995952
0.132134,0.99653
0.132134,0.996415
0.132134,0.996241
0.132134,0.995952
0.132185,0.99653
0.132185,0.996588
0.132237,0.996588
0.132237,0.996646
0.132289,0.996646
0.13234,0.996646
0.132443,0.996646
0.132495,0.996646
0.132546,0.996646
0.132649,0.996646
0.132701,0.996646
0.132752,0.996646
0.132804,0.996646
0.132856,0.996646
0.13301,0.996646
0.133062,0.996646
0.133113,0.996646
0.133165,0.996646
0.133216,0.996646
0.133268,0.996646
0.133371,0.996646
0.133423,0.996646
0.133474,0.996646
0.133526,0.996646
0.133835,0.996646
0.133887,0.996646
0.13399,0.996646
0.134041,0.996646
0.134093,0.996646
0.134196,0.996646
0.134248,0.996646
0.134557,0.996646
0.13466,0.996646
0.134969,0.996646
0.135021,0.996646
0.135072,0.996646
0.135227,0.996646
0.135279,0.996646
0.13533,0.996646
0.135382,0.996646
0.135433,0.996646
0.135536,0.996646
0.135588,0.996646
0.13564,0.996646
0.135691,0.996646
0.136104,0.996646
0.136155,0.996646
0.13631,0.996646
0.136361,0.996646
0.136722,0.996646
0.136774,0.996646
0.136825,0.996646
0.136877,0.996646
0.13698,0.996646
0.137135,0.996646
0.137186,0.996646
0.137289,0.996646
0.137341,0.996646
0.137444,0.996646
0.13765,0.996646
0.137702,0.996646
0.137856,0.996646
0.137908,0.996646
0.137959,0.996646
0.138011,0.996646
0.138217,0.996646
0.138269,0.996646
0.138372,0.996646
0.138527,0.996646
0.138578,0.996646
0.13863,0.996646
0.138733,0.996646
0.138784,0.996646
0.138836,0.996646
0.138887,0.996646
0.138939,0.996646
0.138991,0.996646
0.139042,0.996646
0.139094,0.996646
0.139145,0.996646
0.139197,0.996646
0.1393,0.996646
0.139351,0.996646
0.139403,0.996646
0.139506,0.996646
0.139558,0.996646
0.139558,0.996704
0.139609,0.996704
0.139661,0.996704
0.139712,0.996704
0.139764,0.996704
0.139815,0.996704
0.139867,0.996704
0.139919,0.996704
0.13997,0.996704
0.140022,0.996704
0.140073,0.996704
0.140125,0.996704
0.140176,0.996704
0.140228,0.996704
0.140279,0.996704
0.140383,0.996704
0.140434,0.996704
0.140486,0.996704
0.140537,0.996704
0.140589,0.996704
0.140589,0.996762
0.14064,0.996762
0.140692,0.996762
0.140795,0.996762
0.14095,0.996762
0.141001,0.996762
0.141053,0.996762
0.141104,0.996762
0.141156,0.996762
0.141207,0.996762
0.141259,0.996762
0.141311,0.996762
0.141362,0.996762
0.141775,0.996762
0.142084,0.996762
0.142135,0.996762
0.142187,0.996762
0.142238,0.996762
0.14229,0.996762
0.142445,0.996762
0.142496,0.996762
0.142548,0.996993
0.142548,0.996762
0.142599,0.996993
0.142651,0.996993
0.142702,0.996993
0.142754,0.996993
0.142806,0.996993
0.142857,0.996993
0.142909,0.996993
0.14296,0.996993
0.143012,0.996993
0.143063,0.996993
0.143115,0.996993
0.143166,0.996993
0.143218,0.996993
0.14327,0.996993
0.143424,0.996993
0.143476,0.996993
0.143579,0.996993
0.143837,0.996993
0.143888,0.996993
0.14394,0.996993
0.143991,0.996993
0.144043,0.996993
0.144094,0.996993
0.144146,0.996993
0.144198,0.996993
0.144249,0.996993
0.144301,0.996993
0.144404,0.996993
0.144455,0.996993
0.144507,0.996993
0.144558,0.996993
0.144765,0.996993
0.144816,0.996993
0.144919,0.996993
0.144971,0.996993
0.145074,0.996993
0.145126,0.996993
0.145126,0.997166
0.145177,0.997166
0.145229,0.997166
0.14528,0.997166
0.145383,0.997166
0.145486,0.997166
0.145538,0.997166
0.145899,0.997166
0.14595,0.99815
0.14595,0.997166
0.146054,0.99815
0.146105,0.99815
0.146157,0.99815
0.146208,0.99815
0.14626,0.99815
0.146311,0.99815
0.147291,0.99815
0.147342,0.99815
0.147394,0.99815
0.147445,0.99815
0.147497,0.99815
0.147549,0.99815
0.1476,0.99815
0.147652,0.99815
0.147703,0.99815
0.147703,0.999133
0.147755,0.999133
0.147909,0.999133
0.147961,0.999133
0.147961,0.999826
0.148013,0.999826
0.148064,0.999826
0.148219,0.999826
0.14827,0.999826
0.148373,0.999826
0.148425,0.999826
0.148477,0.999826
0.148631,0.999826
0.149301,0.999826
0.149353,0.999826
0.149559,0.999826
0.149662,0.999826
0.149714,0.999826
0.149869,0.999826
0.14992,0.999826
0.149972,0.999826
0.150075,0.999826
0.150178,0.999826
0.150281,0.999826
0.150951,0.999826
0.151209,0.999826
0.151261,0.999826
0.151312,0.999826
0.151364,0.999826
0.151364,1
0.151518,1
0.15157,1
0.151621,1
0.151673,1
0.151724,1
0.151776,1
0.151879,1
0.151982,1
0.152188,1
0.152292,1
0.152343,1
0.152446,1
0.152807,1
0.15291,1
0.152962,1
0.153013,1
0.153065,1
0.153168,1
0.153323,1
0.153374,1
0.15358,1
0.153632,1
0.153684,1
0.153735,1
0.154044,1
0.154096,1
0.154199,1
0.154251,1
0.154302,1
0.154405,1
0.154457,1
0.154508,1
0.15456,1
0.154612,1
0.154663,1
0.154715,1
0.154766,1
0.154818,1
0.154869,1
0.154921,1
0.154972,1
0.155024,1
0.15523,1
0.155282,1
0.155333,1
0.155385,1
0.155436,1
0.155488,1
0.15554,1
0.155591,1
0.155694,1
0.155746,1
0.155797,1
0.1559,1
0.156055,1
0.156107,1
0.156158,1
0.15621,1
0.156261,1
0.156313,1
0.156416,1
0.156467,1
0.156674,1
0.156777,1
0.15688,1
0.156931,1
0.156983,1
0.157086,1
0.157138,1
0.157189,1
0.157241,1
0.157292,1
0.157344,1
0.157602,1
0.157653,1
0.157705,1
0.157808,1
0.157859,1
0.158014,1
0.158066,1
0.158169,1
0.158427,1
0.158478,1
0.15853,1
0.158736,1
0.158787,1
0.159097,1
0.159355,1
0.159406,1
0.159458,1
0.159612,1
0.159664,1
0.159715,1
0.15987,1
0.159922,1
0.159973,1
0.160076,1
0.160231,1
0.160489,1
0.160592,1
0.160643,1
0.160695,1
0.160746,1
0.160798,1
0.16085,1
0.160901,1
0.160953,1
0.161004,1
0.16121,1
0.161262,1
0.161365,1
0.161417,1
0.161468,1
0.16152,1
0.161984,1
0.162035,1
0.162087,1
0.162138,1
0.16219,1
0.162242,1
0.162293,1
0.162448,1
0.162499,1
0.162551,1
0.162602,1
0.162809,1
0.163015,1
0.163118,1
0.16317,1
0.163221,1
0.163273,1
0.163376,1
0.163427,1
0.163479,1
0.16353,1
0.163582,1
0.163634,1
0.163737,1
0.163943,1
0.164613,1
0.164716,1
0.164819,1
0.164871,1
0.164974,1
0.165026,1
0.165077,1
0.16518,1
0.165283,1
0.165335,1
0.16549,1
0.165799,1
0.165902,1
0.166005,1
0.166057,1
0.166314,1
0.168273,1
0.168377,1
0.168428,1
0.16848,1
0.168531,1
0.168686,1
0.170748,1
0.1708,1
0.170851,1
0.170903,1
0.171728,1
0.171779,1
0.171831,1
0.171882,1
0.171934,1
0.171985,1
0.172243,1
0.172295,1
0.172346,1
0.172398,1
0.172501,1
0.172604,1
0.172656,1
0.176522,1
0.176574,1
0.176728,1
0.17678,1
0.176831,1
0.177192,1
0.177244,1
0.177295,1
0.177399,1
0.177553,1
0.177708,1
0.177759,1
0.177863,1
0.177914,1
0.177966,1
0.178017,1
0.178172,1
0.178275,1
0.178378,1
0.17843,1
0.178481,1
0.178687,1
0.178739,1
0.178791,1
0.178945,1
0.178997,1
0.1791,1
0.179203,1
0.179255,1
0.179306,1
0.179358,1
0.179409,1
0.17977,1
0.179976,1
0.180028,1
0.180079,1
0.180389,1
0.180698,1
0.18075,1
0.180904,1
0.180956,1
0.181007,1
0.181059,1
0.181935,1
0.181987,1
0.182657,1
0.182709,1
0.182812,1
0.183998,1
0.184101,1
0.184152,1
0.184204,1
0.184462,1
0.184513,1
0.186627,1
0.186936,1
0.18807,1
0.188122,1
0.188225,1
0.188328,1
0.188431,1
0.188483,1
0.188844,1
0.188895,1
0.188947,1
0.188998,1
0.18905,1
0.189101,1
0.189153,1
0.189205,1
0.189308,1
0.189359,1
0.189411,1
0.189462,1
0.189823,1
0.189875,1
0.189926,1
0.190132,1
0.190184,1
0.190596,1
0.191524,1
0.191576,1
0.191628,1
0.191782,1
0.191834,1
0.191885,1
0.191988,1
0.19204,1
0.192092,1
0.192401,1
0.192556,1
0.192762,1
0.192916,1
0.19302,1
0.193226,1
0.193277,1
0.193587,1
0.194205,1
0.194412,1
0.194824,1
0.194979,1
0.19503,1
0.195082,1
0.195133,1
0.195236,1
0.195494,1
0.195546,1
0.195649,1
0.1957,1
0.19601,1
0.196061,1
0.196113,1
0.196319,1
0.196474,1
0.196577,1
0.196628,1
0.19668,1
0.196783,1
0.196886,1
0.196938,1
0.197247,1
0.197299,1
0.19735,1
0.197402,1
0.197453,1
0.197505,1
0.197659,1
0.197711,1
0.197763,1
0.197969,1
0.19802,1
0.198072,1
0.198123,1
0.198175,1
0.198227,1
0.198278,1
0.198433,1
0.198484,1
0.198536,1
0.198587,1
0.198639,1
0.198691,1
0.198742,1
0.198794,1
0.198845,1
0.198948,1
0.199,1
0.199155,1
0.199258,1
0.199309,1
0.199361,1
0.199412,1
0.199464,1
0.199515,1
0.199567,1
0.199619,1
0.19967,1
0.199722,1
0.199773,1
0.199825,1
0.199876,1
0.199979,1
0.200082,1
0.200134,1
0.200186,1
0.200237,1
0.200495,1
0.200598,1
0.20065,1
0.200753,1
0.200804,1
0.200856,1
0.200907,1
0.20101,1
0.201062,1
0.201114,1
0.201165,1
0.201268,1
0.20132,1
0.201371,1
0.201423,1
0.201474,1
0.201526,1
0.201578,1
0.201629,1
0.202712,1
0.202815,1
0.204207,1
0.204258,1
0.204361,1
0.204413,1
0.204671,1
0.204825,1
0.204877,1
0.20498,1
0.205032,1
0.206011,1
0.206114,1
0.206424,1
0.208486,1
0.208537,1
0.208589,1
0.208744,1
0.208795,1
0.208847,1
0.209517,1
0.209568,1
0.20962,1
0.211064,1
0.211167,1
0.211218,1
0.21127,1
0.212352,1
0.212559,1
0.212662,1
0.212765,1
0.2156,1
0.215755,1
0.215858,1
0.216116,1
0.216167,1
0.218848,1
0.220034,1
0.22122,1
0.222302,1
0.222354,1
0.222457,1
0.222509,1
0.22256,1
0.222612,1
0.223437,1
0.223746,1
0.223798,1
0.223849,1
0.224004,1
0.224055,1
0.224158,1
0.224261,1
0.224313,1
0.224519,1
0.224571,1
0.224674,1
0.224725,1
0.224777,1
0.225035,1
0.225086,1
0.22555,1
0.225653,1
0.225705,1
0.225757,1
0.225808,1
0.225911,1
0.226478,1
0.226788,1
0.227045,1
0.227097,1
0.227922,1
0.228128,1
0.228283,1
0.228334,1
0.228386,1
0.228437,1
0.228489,1
0.22854,1
0.228644,1
0.228695,1
0.228747,1
0.229004,1
0.229056,1
0.229108,1
0.229314,1
0.229365,1
0.229468,1
0.229829,1
0.229881,1
0.229932,1
0.230242,1
0.230293,1
0.230345,1
0.230912,1
0.230964,1
0.231015,1
0.231273,1
0.231479,1
0.233077,1
0.233129,1
0.233232,1
0.233284,1
0.233335,1
0.233387,1
0.233438,1
0.23349,1
0.233593,1
0.233644,1
0.23581,1
0.235861,1
0.235913,1
0.236171,1
0.236274,1
0.236531,1
0.236583,1
0.237614,1
0.239058,1
0.239315,1
0.239418,1
0.239573,1
0.240295,1
0.240346,1
0.240604,1
0.240656,1
0.240707,1
0.240759,1
0.24081,1
0.241068,1
0.24112,1
0.241687,1
0.243337,1
0.243388,1
0.24344,1
0.243749,1
0.243801,1
0.244007,1
0.244058,1
0.244213,1
0.244265,1
0.244316,1
0.244368,1
0.244419,1
0.244471,1
0.244522,1
0.24478,1
0.244832,1
0.244935,1
0.244986,1
0.245296,1
0.245347,1
0.245863,1
0.245914,1
0.246121,1
0.246224,1
0.246378,1
0.246481,1
0.246533,1
0.246585,1
0.246636,1
0.246688,1
0.246842,1
0.246894,1
0.246997,1
0.2471,1
0.247152,1
0.247203,1
0.247358,1
0.247461,1
0.247667,1
0.24777,1
0.24844,1
0.248492,1
0.248544,1
0.248595,1
0.248647,1
0.24942,1
0.249472,1
0.249523,1
0.249575,1
0.249626,1
0.249781,1
0.249832,1
0.249987,1
0.250039,1
0.250245,1
0.25076,1
0.250812,1
0.250864,1
0.250967,1
0.251018,1
0.25107,1
0.251121,1
0.251224,1
0.251276,1
0.251534,1
0.251637,1
0.251688,1
0.251792,1
0.252307,1
0.253338,1
0.25339,1
0.253647,1
0.254008,1
0.254627,1
0.255039,1
0.255143,1
0.255194,1
0.255246,1
0.255297,1
0.255452,1
0.256431,1
0.256535,1
0.256844,1
0.257978,1
0.258133,1
0.258545,1
0.258597,1
0.259834,1
0.260195,1
0.261535,1
0.261587,1
0.261638,1
0.261742,1
0.261793,1
0.261896,1
0.261948,1
0.262051,1
0.262154,1
0.262205,1
0.262257,1
0.262412,1
0.262463,1
0.263082,1
0.263133,1
0.263185,1
0.263237,1
0.263288,1
0.26334,1
0.263597,1
0.263649,1
0.263701,1
0.263752,1
0.26401,1
0.264113,1
0.264216,1
0.264319,1
0.264371,1
0.264422,1
0.264474,1
0.264525,1
0.26468,1
0.264732,1
0.264783,1
0.264835,1
0.265144,1
0.265196,1
0.265247,1
0.265505,1
0.265814,1
0.265866,1
0.266021,1
0.266124,1
0.26633,1
0.266381,1
0.266639,1
0.266691,1
0.267464,1
0.267619,1
0.267722,1
0.26798,1
0.268083,1
0.268237,1
0.268289,1
0.26834,1
0.268392,1
0.268444,1
0.268495,1
0.269939,1
0.270403,1
0.270506,1
0.271124,1
0.271692,1
0.273444,1
0.273547,1
0.273599,1
0.273651,1
0.273702,1
0.273857,1
0.274115,1
0.274166,1
0.274218,1
0.274682,1
0.275094,1
0.275146,1
0.27628,1
0.276538,1
0.276589,1
0.276641,1
0.276692,1
0.276795,1
0.276899,1
0.277105,1
0.277208,1
0.277311,1
0.278084,1
0.278136,1
0.278187,1
0.278394,1
0.278445,1
0.278548,1
0.2786,1
0.278909,1
0.278961,1
0.279012,1
0.279218,1
0.279322,1
0.279682,1
0.279734,1
0.279786,1
0.27994,1
0.280353,1
0.280404,1
0.280456,1
0.280507,1
0.280559,1
0.28061,1
0.281023,1
0.281074,1
0.281177,1
0.281229,1
0.281281,1
0.28391,1
0.283961,1
0.284116,1
0.284425,1
0.284786,1
0.284889,1
0.285044,1
0.285972,1
0.286127,1
0.286178,1
0.286488,1
0.286642,1
0.286745,1
0.286797,1
0.286848,1
0.2869,1
0.286952,1
0.287209,1
0.287519,1
0.287673,1
0.287725,1
0.287931,1
0.288137,1
0.288395,1
0.288498,1
0.288962,1
0.289168,1
0.289478,1
0.289736,1
0.289839,1
0.28989,1
0.289942,1
0.289993,1
0.290096,1
0.290148,1
0.291128,1
0.291695,1
0.291746,1
0.291798,1
0.291849,1
0.291901,1
0.291952,1
0.292055,1
0.292107,1
0.292159,1
0.29221,1
0.292262,1
0.292313,1
0.292468,1
0.292519,1
0.292674,1
0.292829,1
0.292932,1
0.292983,1
0.293087,1
0.29319,1
0.293293,1
0.293757,1
0.293808,1
0.29386,1
0.294324,1
0.294427,1
0.294633,1
0.294685,1
0.294736,1
0.295407,1
0.296747,1
0.29685,1
0.29783,1
0.298139,1
0.298294,1
0.298345,1
0.298397,1
0.2985,1
0.298603,1
0.298654,1
0.299479,1
0.299531,1
0.299634,1
0.299686,1
0.299789,1
0.29984,1
0.299943,1
0.299995,1
0.300046,1
0.300098,1
0.301387,1
0.301438,1
0.30149,1
0.302315,1
0.302366,1
0.302418,1
0.302469,1
0.302521,1
0.303037,1
0.303346,1
0.304016,1
0.30448,1
0.305047,1
0.30515,1
0.305202,1
0.305253,1
0.305305,1
0.30582,1
0.306284,1
0.306491,1
0.306542,1
0.3068,1
0.306852,1
0.306903,1
0.306955,1
0.307522,1
0.307625,1
0.307676,1
0.30778,1
0.308295,1
0.308347,1
0.309275,1
0.309636,1
0.309842,1
0.309945,1
0.310048,1
0.310254,1
0.310667,1
0.31077,1
0.310873,1
0.311234,1
0.311337,1
0.311749,1
0.311801,1
0.311852,1
0.311955,1
0.31211,1
0.312471,1
0.312574,1
0.312626,1
0.312677,1
0.313141,1
0.313451,1
0.319792,1
0.319843,1
0.32041,1
0.320462,1
0.320771,1
0.321235,1
0.32139,1
0.321441,1
0.321493,1
0.321596,1
0.321648,1
0.321802,1
0.321957,1
0.322009,1
0.32206,1
0.322112,1
0.322163,1
0.322885,1
0.322988,1
0.323246,1
0.323297,1
0.324071,1
0.326288,1
0.326648,1
0.326752,1
0.327164,1
0.327319,1
0.32737,1
0.327473,1
0.328092,1
0.328144,1
0.328247,1
0.328814,1
0.328917,1
0.328968,1
0.32902,1
0.329948,1
0.330103,1
0.330721,1
0.332629,1
0.33268,1
0.332732,1
0.332835,1
0.332887,1
0.333196,1
0.333351,1
0.333557,1
0.333608,1
0.333969,1
0.336495,1
0.336702,1
0.339176,1
0.339228,1
0.339382,1
0.339846,1
0.339898,1
0.340001,1
0.340104,1
0.340207,1
0.344692,1
0.345363,1
0.345414,1
0.345517,1
0.345569,1
0.345878,1
0.345981,1
0.349281,1
0.34959,1
0.349642,1
0.350621,1
0.350673,1
0.350724,1
0.351601,1
0.351652,1
0.351704,1
0.351807,1
0.351962,1
0.354694,1
0.354849,1
0.3549,1
0.35521,1
0.355261,1
0.355313,1
0.355519,1
0.355622,1
0.355725,1
0.356292,1
0.356344,1
0.356498,1
0.356602,1
0.356808,1
0.357478,1
0.35753,1
0.357581,1
0.357633,1
0.357684,1
0.357736,1
0.357994,1
0.358406,1
0.358458,1
0.358509,1
0.358612,1
0.358664,1
0.35954,1
0.360365,1
0.360777,1
0.360881,1
0.360932,1
0.360984,1
0.367583,1
0.36815,1
0.368304,1
0.368356,1
0.368511,1
0.369232,1
0.372687,1
0.373975,1
0.374078,1
0.374182,1
0.374233,1
0.374285,1
0.376966,1
0.377172,1
0.378409,1
0.378512,1
0.378615,1
0.378976,1
0.379131,1
0.379337,1
0.382121,1
0.382327,1
0.382946,1
0.383049,1
0.384028,1
0.38408,1
0.384132,1
0.384183,1
0.384389,1
0.384492,1
0.384596,1
0.384853,1
0.384905,1
0.386348,1
0.386812,1
0.38707,1
0.387122,1
0.387843,1
0.387895,1
0.388771,1
0.388823,1
0.388875,1
0.388926,1
0.39037,1
0.390576,1
0.391401,1
0.391555,1
0.391813,1
0.391865,1
0.392019,1
0.392071,1
0.392226,1
0.392535,1
0.392586,1
0.392896,1
0.393205,1
0.395834,1
0.396247,1
0.39635,1
0.396556,1
0.396608,1
0.396969,1
0.39702,1
0.397278,1
0.397381,1
0.397433,1
0.397484,1
0.397536,1
0.397639,1
0.397742,1
0.397793,1
0.397845,1
0.397897,1
0.397948,1
0.404186,1
0.404238,1
0.404289,1
0.404341,1
0.404805,1
0.404856,1
0.405681,1
0.405784,1
0.405836,1
0.406455,1
0.406506,1
0.406558,1
0.406764,1
0.406867,1
0.407022,1
0.40795,1
0.408001,1
0.408053,1
0.408104,1
0.408156,1
0.408775,1
0.408826,1
0.410167,1
0.410218,1
0.410734,1
0.414858,1
0.418879,1
0.419653,1
0.421199,1
0.421818,1
0.421972,1
0.422179,1
0.424705,1
0.431201,1
0.431304,1
0.431716,1
0.431819,1
0.431871,1
0.431922,1
0.431974,1
0.433418,1
0.433778,1
0.43682,1
0.436872,1
0.436923,1
0.437026,1
0.437181,1
0.437233,1
0.441615,1
0.441718,1
0.441976,1
0.442027,1
0.442336,1
0.444295,1
0.446409,1
0.446719,1
0.449966,1
0.450018,1
0.453472,1
0.453524,1
0.453782,1
0.454091,1
0.454142,1
0.4544,1
0.454761,1
0.454813,1
0.458628,1
0.458679,1
0.458731,1
0.458782,1
0.458834,1
0.458885,1
0.45904,1
0.459401,1
0.459504,1
0.459916,1
0.46069,1
0.461412,1
0.461618,1
0.461669,1
0.461721,1
0.462855,1
0.464299,1
0.464505,1
0.465123,1
0.465227,1
0.465278,1
0.46533,1
0.465587,1
0.465639,1
0.467547,1
0.467959,1
0.468062,1
0.468114,1
0.472135,1
0.47229,1
0.473888,1
0.474352,1
0.474867,1
0.474919,1
0.476156,1
0.476259,1
0.476929,1
0.477084,1
0.479352,1
0.479559,1
0.483219,1
0.48358,1
0.483735,1
0.484199,1
0.486983,1
0.48755,1
0.487653,1
0.491365,1
0.491416,1
0.491468,1
0.492035,1
0.492086,1
0.49219,1
0.492293,1
0.492808,1
0.49286,1
0.493685,1
0.493736,1
0.493839,1
0.496056,1
0.496108,1
0.496262,1
0.496365,1
0.496417,1
0.496469,1
0.49652,1
0.496726,1
0.501985,1
0.502088,1
0.504047,1
0.504099,1
0.50415,1
0.504202,1
0.504923,1
0.504975,1
0.50513,1
0.506779,1
0.506831,1
0.506882,1
0.506986,1
0.507037,1
0.508945,1
0.511162,1
0.511368,1
0.511471,1
0.512708,1
0.514873,1
0.515337,1
0.515389,1
0.515544,1
0.515647,1
0.515698,1
0.51575,1
0.516884,1
0.516936,1
0.51776,1
0.517812,1
0.518224,1
0.518276,1
0.518328,1
0.518482,1
0.518534,1
0.518585,1
0.518688,1
0.520235,1
0.520441,1
0.520493,1
0.523174,1
0.523225,1
0.523328,1
0.523689,1
0.524411,1
0.526267,1
0.526318,1
0.530443,1
0.533536,1
0.543641,1
0.543692,1
0.543847,1
0.54395,1
0.544002,1
0.544569,1
0.544981,1
0.547868,1
0.549054,1
0.549209,1
0.54993,1
0.550085,1
0.550137,1
0.550497,1
0.550549,1
0.550704,1
0.550807,1
0.551477,1
0.551529,1
0.553797,1
0.554983,1
0.555034,1
0.555292,1
0.555344,1
0.555447,1
0.55555,1
0.555601,1
0.556014,1
0.556065,1
0.556117,1
0.55622,1
0.556581,1
0.556632,1
0.560241,1
0.560757,1
0.560963,1
0.561015,1
0.561066,1
0.561736,1
0.562767,1
0.562819,1
0.564211,1
0.564263,1
0.564314,1
0.564881,1
0.565912,1
0.566015,1
0.566118,1
0.56617,1
0.572563,1
0.572666,1
0.574522,1
0.576017,1
0.576172,1
0.576223,1
0.576326,1
0.576893,1
0.579987,1
0.581327,1
0.581379,1
0.581843,1
0.581894,1
0.583699,1
0.583802,1
0.583853,1
0.584111,1
0.584162,1
0.586482,1
0.586534,1
0.586946,1
0.586998,1
0.589627,1
0.589679,1
0.600196,1
0.608857,1
0.609115,1
0.609166,1
0.609373,1
0.609476,1
0.612157,1
0.61226,1
0.613548,1
0.6136,1
0.613755,1
0.613858,1
0.613909,1
0.613961,1
0.614116,1
0.616642,1
0.616745,1
0.616848,1
0.617879,1
0.618549,1
0.618601,1
0.620199,1
0.620251,1
0.620302,1
0.62056,1
0.622828,1
0.622931,1
0.625922,1
0.629169,1
0.629221,1
0.629273,1
0.634016,1
0.634531,1
0.650977,1
0.651132,1
0.651286,1
0.65706,1
0.657627,1
0.660772,1
0.660927,1
0.660978,1
0.665154,1
0.665258,1
0.665309,1
0.666237,1
0.66634,1
0.666392,1
0.666546,1
0.667423,1
0.667474,1
0.667784,1
0.667938,1
0.668248,1
0.669124,1
0.669227,1
0.669279,1
0.66933,1
0.669485,1
0.669537,1
0.669691,1
0.669794,1
0.669949,1
0.670052,1
0.670671,1
0.671289,1
0.671393,1
0.671599,1
0.672166,1
0.672578,1
0.67263,1
0.672939,1
0.679538,1
0.67959,1
0.679641,1
0.679744,1
0.682838,1
0.682941,1
0.683302,1
0.683456,1
0.684281,1
0.684333,1
0.691292,1
0.692478,1
0.698923,1
0.698974,1
0.699077,1
0.699232,1
0.700108,1
0.70016,1
0.704233,1
0.708254,1
0.708357,1
0.708615,1
0.708821,1
0.708872,1
0.709749,1
0.7098,1
0.710368,1
0.710574,1
0.712636,1
0.712688,1
0.712945,1
0.712997,1
0.723617,1
0.723978,1
0.724029,1
0.728772,1
0.728824,1
0.743208,1
0.743826,1
0.743878,1
0.744187,1
0.747641,1
0.748002,1
0.748208,1
0.756818,1
0.756921,1
0.757488,1
0.75754,1
0.757591,1
0.757694,1
0.757901,1
0.757952,1
0.758159,1
0.75821,1
0.758313,1
0.758416,1
0.758468,1
0.758571,1
0.758674,1
0.758932,1
0.758983,1
0.759086,1
0.759808,1
0.759911,1
0.760582,1
0.760633,1
0.760994,1
0.7645,1
0.764603,1
0.764757,1
0.764861,1
0.766923,1
0.767026,1
0.767129,1
0.767181,1
0.767284,1
0.767438,1
0.768108,1
0.769036,1
0.784967,1
0.785173,1
0.785895,1
0.786513,1
0.786874,1
0.788215,1
0.788266,1
0.788524,1
0.788576,1
0.788988,1
0.78904,1
0.790947,1
0.791411,1
0.792236,1
0.795999,1
0.796309,1
0.796463,1
0.798062,1
0.798165,1
0.798371,1
0.798422,1
0.798474,1
0.799041,1
0.799144,1
0.799918,1
0.799969,1
0.801413,1
0.804867,1
0.810383,1
0.810589,1
0.818168,1
0.818477,1
0.81858,1
0.818735,1
0.820694,1
0.820745,1
0.847863,1
0.848018,1
0.849771,1
0.849822,1
0.849874,1
0.851163,1
0.851266,1
0.851369,1
0.851678,1
0.851781,1
0.852091,1
0.852348,1
0.85405,1
0.854256,1
0.854307,1
0.858174,1
0.859927,1
0.860288,1
0.860339,1
0.862298,1
0.875548,1
0.876373,1
0.878899,1
0.886477,1
0.886838,1
0.900139,1
0.901067,1
0.901273,1
0.901325,1
0.901376,1
0.908285,1
0.908697,1
0.909935,1
0.910295,1
0.910399,1
0.912409,1
0.91344,1
0.913543,1
0.915554,1
0.915709,1
0.916018,1
0.919575,1
0.922359,1
0.923596,1
0.927411,1
0.927463,1
0.927515,1
0.928133,1
0.928443,1
0.9287,1
0.940094,1
0.958035,1
0.968655,1
0.972779,1
1,1
