0,0.00126743
0,0.000633714
0,0.00190114
0.00027115,0.00190114
0.00027115,0.00697085
0.00027115,0.00633714
0.00027115,0.00570342
0.00027115,0.00506971
0.00027115,0.00380228
0.00027115,0.004436
0.00027115,0.00253485
0.00027115,0.00316857
0.000542299,0.00697085
0.000542299,0.00760456
0.000542299,0.00823828
0.000542299,0.00887199
0.000542299,0.0095057
0.000542299,0.0101394
0.000542299,0.0107731
0.000542299,0.0114068
0.000542299,0.0120406
0.000813449,0.0152091
0.000813449,0.0158428
0.000813449,0.0145754
0.000813449,0.013308
0.000813449,0.0126743
0.000813449,0.0120406
0.000813449,0.0139417
0.0010846,0.0183777
0.0010846,0.017744
0.0010846,0.0171103
0.0010846,0.0164766
0.0010846,0.0158428
0.00135575,0.0183777
0.00135575,0.0190114
0.00135575,0.0196451
0.00135575,0.0202788
0.00135575,0.0209125
0.00135575,0.0215463
0.00135575,0.02218
0.0016269,0.02218
0.00189805,0.0228137
0.00189805,0.0234474
0.00189805,0.02218
0.0021692,0.0234474
0.0021692,0.0240811
0.0021692,0.0247148
0.0021692,0.0259823
0.00244035,0.0272497
0.00244035,0.0297845
0.00244035,0.0291508
0.00244035,0.0285171
0.00244035,0.0278834
0.00244035,0.026616
0.00244035,0.0259823
0.0027115,0.031052
0.0027115,0.0342205
0.0027115,0.0335868
0.0027115,0.0329531
0.0027115,0.0323194
0.0027115,0.0316857
0.0027115,0.0304183
0.0027115,0.0297845
0.00298265,0.0468948
0.00298265,0.0462611
0.00298265,0.0456274
0.00298265,0.0449937
0.00298265,0.0443599
0.00298265,0.0437262
0.00298265,0.0430925
0.00298265,0.0424588
0.00298265,0.0418251
0.00298265,0.0411914
0.00298265,0.039924
0.00298265,0.0405577
0.00298265,0.0342205
0.00298265,0.0348542
0.00298265,0.035488
0.00298265,0.0361217
0.00298265,0.0367554
0.00298265,0.0373891
0.00298265,0.0380228
0.00298265,0.0386565
0.00298265,0.0392902
0.0032538,0.0468948
0.0032538,0.0475285
0.0032538,0.0481622
0.0032538,0.0487959
0.0032538,0.0494297
0.0032538,0.0500634
0.0032538,0.0506971
0.00352495,0.0506971
0.00352495,0.0519645
0.00352495,0.0513308
0.0037961,0.0519645
0.00406724,0.0519645
0.00406724,0.0525982
0.00406724,0.0532319
0.00406724,0.0538657
0.00433839,0.0551331
0.00433839,0.0557668
0.00433839,0.0544994
0.00433839,0.0538657
0.00460954,0.0646388
0.00460954,0.0640051
0.00460954,0.0633714
0.00460954,0.0627376
0.00460954,0.0621039
0.00460954,0.0614702
0.00460954,0.0608365
0.00460954,0.0595691
0.00460954,0.0602028
0.00460954,0.0564005
0.00460954,0.0570342
0.00460954,0.0583016
0.00460954,0.0589354
0.00460954,0.0576679
0.00488069,0.0646388
0.00488069,0.0652725
0.00515184,0.0652725
0.00515184,0.0659062
0.00515184,0.0665399
0.00515184,0.0671736
0.00542299,0.0678074
0.00542299,0.0703422
0.00542299,0.0697085
0.00542299,0.0690748
0.00542299,0.0684411
0.00542299,0.0671736
0.00569414,0.0760456
0.00569414,0.0754119
0.00569414,0.0747782
0.00569414,0.0741445
0.00569414,0.0735108
0.00569414,0.0722433
0.00569414,0.0716096
0.00569414,0.0709759
0.00569414,0.0703422
0.00569414,0.0728771
0.00596529,0.0804816
0.00596529,0.0798479
0.00596529,0.0792142
0.00596529,0.0785805
0.00596529,0.0779468
0.00596529,0.0773131
0.00596529,0.0766793
0.00596529,0.0760456
0.00623644,0.0804816
0.00623644,0.0811153
0.00623644,0.0817491
0.00650759,0.0817491
0.00677874,0.0817491
0.00677874,0.0823828
0.00704989,0.0842839
0.00704989,0.0880862
0.00704989,0.0874525
0.00704989,0.0868188
0.00704989,0.086185
0.00704989,0.0849176
0.00704989,0.0855513
0.00704989,0.0830165
0.00704989,0.0823828
0.00704989,0.0836502
0.00732104,0.0880862
0.00732104,0.0887199
0.00732104,0.0893536
0.00759219,0.0893536
0.00786334,0.0918885
0.00786334,0.0912548
0.00786334,0.090621
0.00786334,0.0899873
0.00786334,0.0893536
0.00813449,0.0918885
0.00813449,0.0925222
0.00840564,0.0925222
0.00840564,0.0931559
0.00840564,0.0937896
0.00840564,0.0944233
0.00867679,0.095057
0.00867679,0.0975919
0.00867679,0.0969582
0.00867679,0.0956907
0.00867679,0.0944233
0.00867679,0.0963245
0.00894794,0.0975919
0.00921909,0.0975919
0.00921909,0.0982256
0.00949024,0.099493
0.00949024,0.102662
0.00949024,0.102028
0.00949024,0.101394
0.00949024,0.10076
0.00949024,0.100127
0.00949024,0.0988593
0.00949024,0.0982256
0.00976139,0.10583
0.00976139,0.103295
0.00976139,0.105196
0.00976139,0.103929
0.00976139,0.102662
0.00976139,0.104563
0.0100325,0.10583
0.0100325,0.106464
0.0100325,0.107098
0.0100325,0.107731
0.0100325,0.108365
0.0100325,0.108999
0.0100325,0.109632
0.0100325,0.110266
0.0100325,0.1109
0.0100325,0.111534
0.0103037,0.113435
0.0103037,0.114702
0.0103037,0.114068
0.0103037,0.112167
0.0103037,0.111534
0.0103037,0.112801
0.0105748,0.114702
0.010846,0.114702
0.010846,0.115336
0.010846,0.11597
0.0111171,0.11597
0.0113883,0.11597
0.0116594,0.11597
0.0119306,0.124208
0.0119306,0.123574
0.0119306,0.12294
0.0119306,0.122307
0.0119306,0.121673
0.0119306,0.121039
0.0119306,0.120406
0.0119306,0.119138
0.0119306,0.119772
0.0119306,0.11597
0.0119306,0.116603
0.0119306,0.117871
0.0119306,0.118504
0.0119306,0.117237
0.0122017,0.132446
0.0122017,0.13308
0.0122017,0.131812
0.0122017,0.131179
0.0122017,0.130545
0.0122017,0.129911
0.0122017,0.129278
0.0122017,0.12801
0.0122017,0.127376
0.0122017,0.126743
0.0122017,0.126109
0.0122017,0.125475
0.0122017,0.124842
0.0122017,0.124208
0.0122017,0.128644
0.0124729,0.135615
0.0124729,0.136882
0.0124729,0.136248
0.0124729,0.134981
0.0124729,0.134347
0.0124729,0.13308
0.012744,0.136882
0.012744,0.137516
0.012744,0.13815
0.012744,0.138783
0.012744,0.139417
0.012744,0.140051
0.012744,0.140684
0.012744,0.141318
0.0130152,0.141952
0.0130152,0.141318
0.0132863,0.141952
0.0132863,0.142586
0.0132863,0.143219
0.0135575,0.143219
0.0135575,0.143853
0.0138286,0.143853
0.0140998,0.143853
0.0140998,0.144487
0.0140998,0.14512
0.0143709,0.14512
0.0143709,0.148289
0.0143709,0.147655
0.0143709,0.147022
0.0143709,0.146388
0.0143709,0.145754
0.0146421,0.153992
0.0146421,0.153359
0.0146421,0.149556
0.0146421,0.152725
0.0146421,0.152091
0.0146421,0.151458
0.0146421,0.150824
0.0146421,0.15019
0.0146421,0.148923
0.0146421,0.148289
0.0149132,0.153992
0.0149132,0.154626
0.0149132,0.15526
0.0149132,0.155894
0.0149132,0.156527
0.0149132,0.157161
0.0151844,0.157161
0.0151844,0.162231
0.0151844,0.161597
0.0151844,0.160963
0.0151844,0.16033
0.0151844,0.159062
0.0151844,0.158428
0.0151844,0.157795
0.0151844,0.159696
0.0154555,0.162231
0.0154555,0.162864
0.0154555,0.163498
0.0157267,0.163498
0.0157267,0.164132
0.0159978,0.164132
0.016269,0.164766
0.0165401,0.164766
0.0168113,0.164766
0.0168113,0.165399
0.0168113,0.166033
0.0168113,0.166667
0.0168113,0.1673
0.0170824,0.1673
0.0173536,0.168568
0.0173536,0.169202
0.0173536,0.167934
0.0173536,0.1673
0.0176247,0.169202
0.0178959,0.169202
0.0178959,0.169835
0.018167,0.169835
0.018167,0.170469
0.0184382,0.170469
0.0184382,0.171103
0.0187093,0.171736
0.0187093,0.17237
0.0187093,0.171103
0.0189805,0.17237
0.0189805,0.173004
0.0189805,0.173638
0.0189805,0.174271
0.0192516,0.174905
0.0192516,0.179975
0.0192516,0.179341
0.0192516,0.178707
0.0192516,0.178074
0.0192516,0.176806
0.0192516,0.176172
0.0192516,0.175539
0.0192516,0.174271
0.0192516,0.17744
0.0195228,0.179975
0.0195228,0.180608
0.0195228,0.181242
0.0195228,0.181876
0.0195228,0.18251
0.0197939,0.183777
0.0197939,0.183143
0.0197939,0.18251
0.0200651,0.183777
0.0200651,0.184411
0.0200651,0.185044
0.0203362,0.185044
0.0206074,0.185678
0.0206074,0.193916
0.0206074,0.193283
0.0206074,0.192649
0.0206074,0.192015
0.0206074,0.191381
0.0206074,0.190748
0.0206074,0.190114
0.0206074,0.18948
0.0206074,0.188847
0.0206074,0.188213
0.0206074,0.187579
0.0206074,0.186945
0.0206074,0.186312
0.0208785,0.19455
0.0208785,0.197085
0.0208785,0.196451
0.0208785,0.195184
0.0208785,0.195817
0.0208785,0.193916
0.0211497,0.197085
0.0211497,0.197719
0.0211497,0.198352
0.0211497,0.198986
0.0211497,0.19962
0.0214208,0.19962
0.0214208,0.200253
0.021692,0.205957
0.021692,0.207224
0.021692,0.206591
0.021692,0.205323
0.021692,0.204689
0.021692,0.204056
0.021692,0.202788
0.021692,0.202155
0.021692,0.201521
0.021692,0.200887
0.021692,0.200253
0.021692,0.203422
0.0219631,0.207224
0.0222343,0.207224
0.0225054,0.207224
0.0225054,0.207858
0.0227766,0.207858
0.0227766,0.209125
0.0227766,0.208492
0.0230477,0.209125
0.0230477,0.209759
0.0230477,0.210393
0.0230477,0.211027
0.0230477,0.21166
0.0230477,0.212294
0.0233189,0.212928
0.0233189,0.212294
0.02359,0.212928
0.0238612,0.212928
0.0238612,0.213561
0.0238612,0.214195
0.0241323,0.214195
0.0241323,0.214829
0.0241323,0.215463
0.0241323,0.216096
0.0241323,0.21673
0.0241323,0.217364
0.0244035,0.217364
0.0246746,0.221166
0.0246746,0.2218
0.0246746,0.220532
0.0246746,0.219899
0.0246746,0.218631
0.0246746,0.217997
0.0246746,0.217364
0.0246746,0.219265
0.0249458,0.2218
0.0252169,0.224968
0.0252169,0.224335
0.0252169,0.223701
0.0252169,0.223067
0.0252169,0.222433
0.0252169,0.2218
0.0254881,0.224968
0.0257592,0.224968
0.0260304,0.224968
0.0260304,0.225602
0.0260304,0.226236
0.0263015,0.230672
0.0263015,0.226869
0.0263015,0.230038
0.0263015,0.229404
0.0263015,0.228137
0.0263015,0.228771
0.0263015,0.226236
0.0263015,0.227503
0.0265727,0.230672
0.0265727,0.231939
0.0265727,0.231305
0.0268438,0.231939
0.027115,0.231939
0.027115,0.232573
0.027115,0.233207
0.027115,0.23384
0.027115,0.234474
0.027115,0.235108
0.0273861,0.235108
0.0276573,0.235108
0.0276573,0.235741
0.0276573,0.236375
0.0279284,0.236375
0.0281996,0.236375
0.0281996,0.237009
0.0284707,0.237009
0.0287419,0.237009
0.0287419,0.237643
0.0287419,0.238276
0.0287419,0.23891
0.029013,0.23891
0.0292842,0.23891
0.0292842,0.239544
0.0292842,0.240177
0.0292842,0.240811
0.0292842,0.241445
0.0295553,0.245247
0.0295553,0.244613
0.0295553,0.24398
0.0295553,0.242712
0.0295553,0.243346
0.0295553,0.241445
0.0298265,0.245247
0.0300976,0.245247
0.0303688,0.245247
0.0306399,0.245247
0.0309111,0.247148
0.0309111,0.247782
0.0309111,0.246515
0.0309111,0.245881
0.0309111,0.245247
0.0311822,0.247782
0.0314534,0.247782
0.0314534,0.248416
0.0314534,0.249049
0.0314534,0.249683
0.0317245,0.249683
0.0319957,0.249683
0.0322668,0.249683
0.032538,0.249683
0.032538,0.250317
0.0328091,0.250317
0.0328091,0.250951
0.0330803,0.250951
0.0333514,0.250951
0.0333514,0.251584
0.0336226,0.251584
0.0336226,0.252218
0.0338937,0.252218
0.0338937,0.252852
0.0338937,0.253485
0.0338937,0.254119
0.0338937,0.254753
0.0338937,0.255387
0.0341649,0.255387
0.0341649,0.25602
0.034436,0.25602
0.034436,0.256654
0.0347072,0.256654
0.0347072,0.257288
0.0347072,0.257921
0.0347072,0.258555
0.0347072,0.259189
0.0349783,0.259189
0.0352495,0.259189
0.0355206,0.259189
0.0357918,0.259189
0.0360629,0.259189
0.0360629,0.259823
0.0360629,0.260456
0.0360629,0.26109
0.0363341,0.262357
0.0363341,0.261724
0.0363341,0.26109
0.0366052,0.262991
0.0366052,0.262357
0.0368764,0.262991
0.0371475,0.262991
0.0371475,0.263625
0.0371475,0.264259
0.0374187,0.265526
0.0374187,0.26616
0.0374187,0.264892
0.0374187,0.264259
0.0376898,0.26616
0.037961,0.26616
0.037961,0.266793
0.037961,0.267427
0.037961,0.268061
0.037961,0.268695
0.0382321,0.270596
0.0382321,0.268695
0.0382321,0.269328
0.0382321,0.269962
0.0385033,0.270596
0.0385033,0.271229
0.0385033,0.271863
0.0385033,0.272497
0.0385033,0.273131
0.0387744,0.273131
0.0390456,0.273131
0.0393167,0.273131
0.0393167,0.274398
0.0393167,0.273764
0.0395879,0.274398
0.0395879,0.275032
0.0395879,0.275665
0.039859,0.2782
0.039859,0.276299
0.039859,0.277567
0.039859,0.276933
0.039859,0.275665
0.0401302,0.2782
0.0401302,0.278834
0.0401302,0.279468
0.0401302,0.280101
0.0401302,0.280735
0.0401302,0.281369
0.0401302,0.282003
0.0401302,0.282636
0.0404013,0.282636
0.0406725,0.282636
0.0409436,0.285805
0.0409436,0.285171
0.0409436,0.284537
0.0409436,0.28327
0.0409436,0.283904
0.0409436,0.282636
0.0412147,0.285805
0.0412147,0.286439
0.0414859,0.286439
0.0414859,0.287072
0.0414859,0.287706
0.0417571,0.287706
0.0420282,0.287706
0.0420282,0.28834
0.0420282,0.288973
0.0422993,0.290241
0.0422993,0.289607
0.0422993,0.288973
0.0425705,0.290241
0.0428416,0.290241
0.0428416,0.290875
0.0428416,0.291508
0.0428416,0.292142
0.0428416,0.292776
0.0431128,0.292776
0.0433839,0.292776
0.0433839,0.294677
0.0433839,0.294043
0.0433839,0.293409
0.0436551,0.294677
0.0436551,0.295311
0.0439262,0.295311
0.0441974,0.295311
0.0444685,0.295311
0.0444685,0.295944
0.0444685,0.296578
0.0447397,0.296578
0.0447397,0.297212
0.0447397,0.297845
0.0447397,0.298479
0.0450108,0.298479
0.0450108,0.299113
0.045282,0.299113
0.0455531,0.299113
0.0458243,0.299113
0.0460954,0.299113
0.0463666,0.299113
0.0463666,0.299747
0.0463666,0.30038
0.0463666,0.301014
0.0466377,0.302915
0.0466377,0.304182
0.0466377,0.303549
0.0466377,0.302281
0.0466377,0.301648
0.0466377,0.301014
0.0469089,0.304182
0.0469089,0.304816
0.04718,0.304816
0.04718,0.30545
0.04718,0.306084
0.0474512,0.306084
0.0474512,0.307351
0.0474512,0.306717
0.0477223,0.307351
0.0477223,0.307985
0.0477223,0.308619
0.0477223,0.309252
0.0477223,0.309886
0.0479935,0.309886
0.0479935,0.31052
0.0482646,0.31052
0.0485358,0.31052
0.0485358,0.311153
0.0488069,0.311153
0.0488069,0.311787
0.0490781,0.312421
0.0490781,0.314956
0.0490781,0.314322
0.0490781,0.313055
0.0490781,0.313688
0.0490781,0.311787
0.0493492,0.314956
0.0493492,0.316857
0.0493492,0.316223
0.0493492,0.315589
0.0496204,0.316857
0.0498915,0.316857
0.0498915,0.31749
0.0498915,0.318124
0.0498915,0.318758
0.0498915,0.319392
0.0501627,0.319392
0.0501627,0.320025
0.0501627,0.320659
0.0504338,0.320659
0.0504338,0.321293
0.050705,0.321293
0.0509761,0.321293
0.0512473,0.321293
0.0512473,0.321926
0.0515184,0.321926
0.0515184,0.32256
0.0515184,0.323194
0.0515184,0.323828
0.0515184,0.324461
0.0515184,0.325095
0.0515184,0.325729
0.0517896,0.325729
0.0517896,0.326362
0.0520607,0.326362
0.0523319,0.326362
0.0523319,0.326996
0.052603,0.326996
0.0528742,0.326996
0.0531453,0.326996
0.0534165,0.326996
0.0536876,0.326996
0.0539588,0.326996
0.0542299,0.326996
0.0542299,0.32763
0.0542299,0.328264
0.0545011,0.328264
0.0547722,0.328264
0.0550434,0.328264
0.0550434,0.328897
0.0553145,0.328897
0.0555857,0.328897
0.0555857,0.329531
0.0555857,0.330165
0.0558568,0.3327
0.0558568,0.332066
0.0558568,0.331432
0.0558568,0.330798
0.0558568,0.330165
0.056128,0.3327
0.0563991,0.3327
0.0563991,0.333333
0.0566703,0.333333
0.0569414,0.333333
0.0569414,0.333967
0.0572126,0.333967
0.0574837,0.333967
0.0574837,0.334601
0.0577549,0.334601
0.0577549,0.335234
0.058026,0.335234
0.0582972,0.337769
0.0582972,0.337136
0.0582972,0.335868
0.0582972,0.336502
0.0582972,0.335234
0.0585683,0.337769
0.0588395,0.337769
0.0591106,0.337769
0.0591106,0.338403
0.0593818,0.338403
0.0596529,0.338403
0.0596529,0.339037
0.0596529,0.33967
0.0596529,0.340304
0.0596529,0.340938
0.0599241,0.340938
0.0599241,0.341572
0.0601952,0.341572
0.0601952,0.342205
0.0601952,0.342839
0.0604664,0.344106
0.0604664,0.342839
0.0604664,0.343473
0.0607375,0.344106
0.0607375,0.34474
0.0607375,0.345374
0.0610087,0.345374
0.0610087,0.346008
0.0612798,0.346008
0.061551,0.346008
0.061551,0.346641
0.0618221,0.346641
0.0618221,0.347275
0.0620933,0.347275
0.0623644,0.347275
0.0623644,0.347909
0.0623644,0.348542
0.0626356,0.348542
0.0629067,0.348542
0.0631779,0.348542
0.063449,0.348542
0.0637202,0.348542
0.0639913,0.348542
0.0639913,0.349176
0.0639913,0.34981
0.0639913,0.350444
0.0639913,0.351077
0.0642625,0.351077
0.0642625,0.351711
0.0645336,0.351711
0.0645336,0.352345
0.0648048,0.352345
0.0648048,0.353612
0.0648048,0.352978
0.0650759,0.353612
0.0653471,0.353612
0.0656182,0.353612
0.0658894,0.353612
0.0661605,0.353612
0.0664317,0.353612
0.0664317,0.35488
0.0664317,0.354246
0.0667028,0.35488
0.066974,0.35488
0.066974,0.355513
0.0672451,0.355513
0.0675163,0.355513
0.0675163,0.356147
0.0677874,0.356781
0.0677874,0.357414
0.0677874,0.356147
0.0680586,0.357414
0.0680586,0.358048
0.0683297,0.358048
0.0683297,0.358682
0.0683297,0.359316
0.0686009,0.359316
0.0686009,0.361217
0.0686009,0.359949
0.0686009,0.360583
0.068872,0.36185
0.068872,0.361217
0.068872,0.365653
0.068872,0.364385
0.068872,0.363752
0.068872,0.363118
0.068872,0.362484
0.0691432,0.365653
0.0691432,0.366286
0.0694143,0.366286
0.0696855,0.366286
0.0696855,0.36692
0.0696855,0.367554
0.0696855,0.368821
0.0696855,0.369455
0.0696855,0.370089
0.0699566,0.370089
0.0702278,0.370089
0.0702278,0.370722
0.0704989,0.370722
0.0704989,0.371356
0.0707701,0.371356
0.0710412,0.371356
0.0710412,0.37199
0.0710412,0.372624
0.0710412,0.373257
0.0713124,0.373891
0.0713124,0.375158
0.0713124,0.374525
0.0715835,0.375158
0.0718547,0.375158
0.0718547,0.375792
0.0721258,0.375792
0.072397,0.375792
0.0726681,0.375792
0.0729393,0.375792
0.0732104,0.375792
0.0732104,0.377693
0.0732104,0.37706
0.0732104,0.376426
0.0734816,0.377693
0.0737527,0.377693
0.0737527,0.378327
0.0737527,0.378961
0.0737527,0.379594
0.0737527,0.380228
0.0737527,0.380862
0.0737527,0.381496
0.0740239,0.381496
0.0740239,0.382129
0.074295,0.382129
0.074295,0.382763
0.0745662,0.382763
0.0748373,0.383397
0.0748373,0.38403
0.0748373,0.384664
0.0748373,0.382763
0.0751085,0.384664
0.0753796,0.384664
0.0753796,0.385298
0.0753796,0.385932
0.0756508,0.385932
0.0759219,0.385932
0.0759219,0.386565
0.0761931,0.386565
0.0761931,0.387199
0.0761931,0.387833
0.0764642,0.387833
0.0764642,0.388466
0.0767354,0.3891
0.0767354,0.388466
0.0770065,0.3891
0.0770065,0.389734
0.0772777,0.389734
0.0772777,0.390368
0.0775488,0.390368
0.07782,0.391001
0.07782,0.390368
0.0780911,0.391001
0.0780911,0.391635
0.0783623,0.391635
0.0783623,0.392269
0.0783623,0.392902
0.0786334,0.39417
0.0786334,0.393536
0.0786334,0.392902
0.0789046,0.39417
0.0791757,0.39417
0.0791757,0.394804
0.0794469,0.394804
0.079718,0.394804
0.079718,0.395437
0.0799892,0.395437
0.0802603,0.395437
0.0802603,0.396705
0.0802603,0.396071
0.0805315,0.396705
0.0805315,0.397338
0.0808026,0.397338
0.0810738,0.397338
0.0813449,0.397338
0.0813449,0.397972
0.0816161,0.397972
0.0816161,0.398606
0.0818872,0.398606
0.0818872,0.39924
0.0821583,0.39924
0.0824295,0.39924
0.0827006,0.39924
0.0829718,0.39924
0.083243,0.39924
0.0835141,0.39924
0.0837853,0.39924
0.0837853,0.399873
0.0837853,0.400507
0.0840564,0.400507
0.0840564,0.401141
0.0843275,0.401141
0.0845987,0.401141
0.0845987,0.401774
0.0848698,0.401774
0.0848698,0.402408
0.085141,0.402408
0.0854121,0.402408
0.0856833,0.402408
0.0859545,0.402408
0.0862256,0.403042
0.0862256,0.402408
0.0864967,0.403042
0.0864967,0.403676
0.0867679,0.403676
0.0867679,0.404309
0.087039,0.404309
0.087039,0.404943
0.0873102,0.404943
0.0875813,0.404943
0.0875813,0.408112
0.0875813,0.407478
0.0875813,0.406844
0.0875813,0.40621
0.0875813,0.405577
0.0878525,0.408112
0.0881236,0.408112
0.0883948,0.409379
0.0883948,0.408112
0.0883948,0.408745
0.0886659,0.409379
0.0889371,0.409379
0.0892082,0.409379
0.0894794,0.409379
0.0897505,0.409379
0.0897505,0.410013
0.0900217,0.410013
0.0902928,0.410013
0.090564,0.410013
0.0908351,0.410646
0.0908351,0.411914
0.0908351,0.41128
0.0908351,0.410013
0.0911063,0.411914
0.0913774,0.411914
0.0913774,0.412548
0.0916486,0.413181
0.0916486,0.41635
0.0916486,0.415716
0.0916486,0.415082
0.0916486,0.414449
0.0916486,0.413815
0.0916486,0.412548
0.0919197,0.41635
0.0921909,0.41635
0.0921909,0.416984
0.092462,0.416984
0.092462,0.417617
0.0927332,0.417617
0.0927332,0.418251
0.0930043,0.418251
0.0932755,0.418251
0.0935466,0.418251
0.0935466,0.418885
0.0938178,0.419518
0.0938178,0.418885
0.0940889,0.419518
0.0943601,0.419518
0.0946312,0.419518
0.0946312,0.420152
0.0949024,0.420152
0.0949024,0.420786
0.0951735,0.420786
0.0954447,0.420786
0.0957158,0.420786
0.095987,0.420786
0.095987,0.422687
0.095987,0.422053
0.095987,0.42142
0.0962581,0.422687
0.0962581,0.423321
0.0962581,0.423954
0.0962581,0.424588
0.0965293,0.424588
0.0965293,0.425222
0.0968004,0.425222
0.0970716,0.425222
0.0970716,0.425856
0.0973427,0.425856
0.0973427,0.426489
0.0976139,0.42839
0.0976139,0.427757
0.0976139,0.427123
0.0976139,0.426489
0.097885,0.42839
0.0981562,0.42839
0.0984273,0.42839
0.0986985,0.42839
0.0986985,0.429024
0.0989696,0.429024
0.0989696,0.429658
0.0992408,0.429658
0.0992408,0.430292
0.0995119,0.430292
0.0995119,0.431559
0.0995119,0.430925
0.0997831,0.431559
0.100054,0.432193
0.100054,0.431559
0.100054,0.432826
0.100325,0.432826
0.100325,0.43346
0.100325,0.434094
0.100325,0.434727
0.100597,0.434727
0.100597,0.435361
0.100597,0.435995
0.100868,0.435995
0.100868,0.436629
0.100868,0.437262
0.101139,0.437262
0.101681,0.437262
0.101952,0.437262
0.102223,0.437262
0.102495,0.437262
0.102766,0.437262
0.103037,0.437262
0.103308,0.437262
0.103579,0.437262
0.10385,0.437262
0.104121,0.437262
0.104121,0.437896
0.104393,0.437896
0.104393,0.43853
0.104664,0.43853
0.104664,0.439164
0.104664,0.439797
0.104935,0.439797
0.105206,0.441065
0.105206,0.439797
0.105206,0.440431
0.105477,0.441065
0.105748,0.441065
0.105748,0.441698
0.10602,0.441698
0.106291,0.441698
0.106291,0.442332
0.106562,0.442332
0.106833,0.442966
0.106833,0.443599
0.106833,0.442332
0.107104,0.443599
0.107104,0.444233
0.107375,0.444233
0.107646,0.444233
0.107918,0.444233
0.108189,0.444867
0.108189,0.448035
0.108189,0.447402
0.108189,0.446768
0.108189,0.446134
0.108189,0.445501
0.108189,0.444233
0.10846,0.448035
0.10846,0.448669
0.108731,0.448669
0.108731,0.449303
0.108731,0.449937
0.108731,0.45057
0.108731,0.451204
0.108731,0.451838
0.108731,0.452471
0.108731,0.453105
0.109002,0.453105
0.109273,0.453105
0.109544,0.453105
0.109816,0.453739
0.109816,0.453105
0.110087,0.453739
0.110358,0.453739
0.110629,0.453739
0.1109,0.454373
0.1109,0.455006
0.1109,0.45564
0.1109,0.456274
0.111171,0.456274
0.111443,0.456274
0.111443,0.456907
0.111714,0.456907
0.111714,0.457541
0.111714,0.458175
0.111714,0.458809
0.111714,0.459442
0.111985,0.459442
0.112256,0.459442
0.112527,0.459442
0.112798,0.459442
0.113069,0.459442
0.113341,0.459442
0.113612,0.459442
0.113612,0.460076
0.113612,0.46071
0.113883,0.46071
0.114154,0.46071
0.114425,0.46071
0.114696,0.46071
0.114967,0.46071
0.115239,0.46071
0.11551,0.46071
0.115781,0.46071
0.116052,0.46071
0.116323,0.46071
0.116594,0.46071
0.116866,0.461343
0.116866,0.46071
0.117137,0.461343
0.117137,0.461977
0.117408,0.461977
0.117679,0.461977
0.11795,0.461977
0.11795,0.462611
0.11795,0.463245
0.118221,0.463245
0.118492,0.463245
0.118764,0.463245
0.119035,0.463245
0.119577,0.463245
0.119577,0.463878
0.119848,0.463878
0.120119,0.463878
0.12039,0.463878
0.120662,0.463878
0.120933,0.463878
0.120933,0.464512
0.120933,0.465146
0.121204,0.465146
0.121204,0.465779
0.121475,0.467047
0.121475,0.466413
0.121475,0.465779
0.121746,0.467047
0.122017,0.467047
0.122017,0.467681
0.122017,0.468314
0.122289,0.468314
0.12256,0.468314
0.122831,0.468314
0.123102,0.468314
0.123373,0.468314
0.123644,0.468314
0.123644,0.468948
0.123915,0.468948
0.124187,0.469582
0.124187,0.468948
0.124187,0.470215
0.124458,0.470215
0.124729,0.470215
0.125,0.470215
0.125,0.472117
0.125,0.470849
0.125,0.471483
0.125271,0.472117
0.125271,0.47275
0.125542,0.47275
0.125813,0.47275
0.126356,0.47275
0.126356,0.473384
0.126627,0.473384
0.126627,0.474018
0.126627,0.474651
0.126898,0.474651
0.126898,0.475285
0.126898,0.475919
0.126898,0.476553
0.126898,0.477186
0.127169,0.477186
0.12744,0.477186
0.127711,0.477186
0.127983,0.477186
0.128254,0.477186
0.128254,0.47782
0.128525,0.47782
0.128796,0.47782
0.128796,0.478454
0.129067,0.478454
0.129338,0.478454
0.129338,0.479087
0.12961,0.479087
0.12961,0.479721
0.12961,0.480355
0.129881,0.480989
0.129881,0.480355
0.130152,0.480989
0.130423,0.480989
0.130694,0.480989
0.130965,0.480989
0.130965,0.481622
0.131236,0.481622
0.131236,0.482256
0.131508,0.482256
0.131779,0.482256
0.131779,0.48289
0.13205,0.48289
0.13205,0.483523
0.132321,0.483523
0.132321,0.484157
0.132321,0.484791
0.132592,0.486058
0.132592,0.484791
0.132592,0.485425
0.132863,0.486058
0.133134,0.486058
0.133406,0.486058
0.133677,0.486058
0.133948,0.486058
0.134219,0.486058
0.13449,0.486058
0.134761,0.486058
0.135033,0.486058
0.135033,0.486692
0.135304,0.486692
0.135304,0.487326
0.135304,0.487959
0.135304,0.488593
0.135575,0.488593
0.135846,0.488593
0.136117,0.488593
0.136117,0.489227
0.136388,0.489227
0.136659,0.489861
0.136659,0.489227
0.136931,0.489861
0.136931,0.490494
0.137202,0.490494
0.137202,0.491128
0.137473,0.491128
0.137473,0.491762
0.137744,0.491762
0.137744,0.492395
0.138015,0.492395
0.138015,0.493029
0.138286,0.493029
0.138557,0.493029
0.138557,0.493663
0.1391,0.493663
0.1391,0.494297
0.139371,0.494297
0.139371,0.49493
0.139642,0.49493
0.139642,0.495564
0.139642,0.496198
0.139913,0.496198
0.140184,0.496198
0.140456,0.496198
0.140727,0.496198
0.140998,0.496198
0.140998,0.496831
0.141269,0.496831
0.14154,0.496831
0.14154,0.497465
0.141811,0.497465
0.141811,0.498099
0.142082,0.498099
0.142354,0.498099
0.142625,0.498099
0.142896,0.498099
0.142896,0.498733
0.142896,0.499366
0.143167,0.499366
0.143438,0.499366
0.143709,0.499366
0.14398,0.499366
0.14398,0.5
0.144252,0.5
0.144523,0.5
0.144794,0.5
0.145065,0.5
0.145336,0.501901
0.145336,0.502535
0.145336,0.500634
0.145336,0.5
0.145336,0.501267
0.145607,0.502535
0.145607,0.503169
0.145879,0.503169
0.14615,0.503169
0.146421,0.503169
0.146692,0.503802
0.146692,0.503169
0.146963,0.503802
0.146963,0.504436
0.147234,0.504436
0.147505,0.504436
0.147777,0.504436
0.148048,0.504436
0.148048,0.50507
0.148319,0.506337
0.148319,0.505703
0.148319,0.50507
0.14859,0.506337
0.14859,0.508238
0.14859,0.506971
0.14859,0.507605
0.148861,0.508872
0.148861,0.508238
0.149132,0.508872
0.149132,0.509506
0.149403,0.509506
0.149675,0.509506
0.149675,0.510139
0.149675,0.510773
0.149946,0.510773
0.149946,0.511407
0.150217,0.511407
0.150217,0.512041
0.150488,0.512041
0.150488,0.512674
0.150759,0.512674
0.15103,0.512674
0.15103,0.513308
0.151302,0.513308
0.151844,0.513308
0.152115,0.513308
0.152115,0.513942
0.152115,0.514575
0.152386,0.514575
0.152657,0.514575
0.152657,0.515209
0.152928,0.515209
0.152928,0.515843
0.1532,0.515843
0.1532,0.516477
0.153471,0.516477
0.153471,0.51711
0.153742,0.51711
0.153742,0.517744
0.154013,0.517744
0.154013,0.518378
0.154284,0.518378
0.154284,0.519011
0.154284,0.519645
0.154555,0.519645
0.154826,0.519645
0.155098,0.519645
0.155369,0.519645
0.15564,0.519645
0.155911,0.519645
0.156182,0.519645
0.156182,0.520279
0.156453,0.520279
0.156453,0.520913
0.156725,0.520913
0.156996,0.52218
0.156996,0.520913
0.156996,0.521546
0.157267,0.52218
0.157538,0.52218
0.157809,0.52218
0.15808,0.52218
0.158351,0.52218
0.158351,0.522814
0.158623,0.522814
0.158894,0.522814
0.159165,0.522814
0.159165,0.523447
0.159436,0.523447
0.159436,0.524081
0.159436,0.524715
0.159707,0.524715
0.159707,0.525349
0.159978,0.525349
0.159978,0.525982
0.160249,0.525982
0.160249,0.526616
0.160521,0.526616
0.160792,0.526616
0.161063,0.526616
0.161063,0.52725
0.161063,0.527883
0.161334,0.527883
0.161334,0.528517
0.161605,0.529785
0.161605,0.528517
0.161876,0.529785
0.161876,0.530418
0.161876,0.531052
0.161876,0.531686
0.162148,0.531686
0.16269,0.531686
0.162961,0.531686
0.163232,0.531686
0.163232,0.532319
0.163503,0.532319
0.163503,0.532953
0.163774,0.532953
0.163774,0.533587
0.163774,0.534221
0.164046,0.534221
0.164317,0.534221
0.164588,0.534854
0.164588,0.535488
0.164588,0.534221
0.164859,0.535488
0.164859,0.536122
0.164859,0.536755
0.164859,0.537389
0.16513,0.541825
0.16513,0.538023
0.16513,0.541191
0.16513,0.540558
0.16513,0.53929
0.16513,0.539924
0.16513,0.537389
0.16513,0.538657
0.165401,0.541825
0.165672,0.541825
0.165672,0.542459
0.165672,0.543093
0.165944,0.543093
0.165944,0.543726
0.166215,0.543726
0.166486,0.543726
0.166757,0.543726
0.167028,0.543726
0.167299,0.543726
0.167571,0.544994
0.167571,0.54436
0.167571,0.543726
0.167842,0.544994
0.167842,0.545627
0.167842,0.546261
0.168113,0.546261
0.168384,0.546261
0.168655,0.547529
0.168926,0.547529
0.169197,0.547529
0.169469,0.547529
0.16974,0.547529
0.170011,0.547529
0.170553,0.547529
0.170824,0.550697
0.170824,0.550063
0.170824,0.548796
0.170824,0.548162
0.170824,0.54943
0.170824,0.547529
0.171095,0.550697
0.171095,0.551965
0.171095,0.551331
0.171367,0.551965
0.171638,0.552598
0.171638,0.551965
0.171909,0.552598
0.17218,0.552598
0.17218,0.553232
0.172451,0.553232
0.172722,0.553232
0.172722,0.553866
0.172722,0.554499
0.172993,0.554499
0.173265,0.554499
0.173536,0.554499
0.173807,0.554499
0.174078,0.554499
0.174349,0.554499
0.17462,0.554499
0.174892,0.554499
0.174892,0.555133
0.175163,0.555133
0.175163,0.555767
0.175434,0.555767
0.175705,0.555767
0.175705,0.557034
0.175976,0.557034
0.176247,0.557034
0.176518,0.557034
0.176518,0.557668
0.17679,0.557668
0.17679,0.558302
0.177061,0.558302
0.177332,0.558302
0.177603,0.558302
0.177874,0.558302
0.178145,0.558935
0.178145,0.558302
0.178416,0.558935
0.178416,0.559569
0.178416,0.560203
0.178688,0.560203
0.178959,0.560203
0.178959,0.560836
0.17923,0.560836
0.179501,0.560836
0.179772,0.560836
0.180043,0.560836
0.180315,0.560836
0.180315,0.56147
0.180586,0.56147
0.180586,0.562104
0.180857,0.562104
0.181128,0.562104
0.181128,0.562738
0.181399,0.562738
0.18167,0.562738
0.181941,0.562738
0.182213,0.562738
0.182484,0.562738
0.182755,0.562738
0.183026,0.562738
0.183026,0.563371
0.183026,0.564005
0.183297,0.564005
0.183568,0.564005
0.183839,0.564005
0.183839,0.564639
0.184111,0.565906
0.184111,0.564639
0.184111,0.565273
0.184382,0.565906
0.184653,0.565906
0.184924,0.565906
0.185195,0.565906
0.185466,0.565906
0.185738,0.565906
0.186009,0.565906
0.18628,0.565906
0.18628,0.56654
0.186551,0.56654
0.186822,0.56654
0.187093,0.56654
0.187093,0.567174
0.187093,0.567807
0.187364,0.567807
0.187636,0.567807
0.187907,0.567807
0.188178,0.567807
0.188449,0.567807
0.18872,0.568441
0.18872,0.567807
0.188991,0.568441
0.188991,0.569075
0.188991,0.569708
0.189262,0.569708
0.189534,0.569708
0.189534,0.570342
0.189805,0.570342
0.190076,0.570342
0.190347,0.570342
0.190618,0.570342
0.190618,0.570976
0.190889,0.570976
0.191161,0.570976
0.191432,0.570976
0.191703,0.570976
0.191974,0.57161
0.191974,0.570976
0.191974,0.572877
0.191974,0.572243
0.192245,0.572877
0.192516,0.572877
0.192787,0.572877
0.193059,0.572877
0.19333,0.572877
0.193601,0.572877
0.193872,0.572877
0.194143,0.572877
0.194414,0.572877
0.194414,0.573511
0.194685,0.573511
0.195228,0.573511
0.195228,0.574144
0.195499,0.574144
0.19577,0.574144
0.19577,0.574778
0.196041,0.575412
0.196041,0.576046
0.196312,0.576046
0.196584,0.57858
0.196584,0.579214
0.196584,0.577947
0.196584,0.577313
0.196584,0.576679
0.196584,0.576046
0.196855,0.579214
0.196855,0.579848
0.197126,0.579848
0.197126,0.580482
0.197126,0.581115
0.197397,0.581115
0.197668,0.581115
0.197939,0.581115
0.19821,0.581115
0.198482,0.581749
0.198482,0.581115
0.198753,0.582383
0.198753,0.581749
0.199024,0.582383
0.199024,0.583016
0.199024,0.58365
0.199295,0.58365
0.199566,0.58365
0.199837,0.58365
0.199837,0.584284
0.200108,0.584284
0.20038,0.584284
0.200922,0.584284
0.200922,0.584918
0.201193,0.584918
0.201193,0.585551
0.201464,0.588086
0.201464,0.587452
0.201464,0.586819
0.201464,0.586185
0.201464,0.585551
0.201735,0.588086
0.202007,0.588086
0.202278,0.588086
0.202278,0.58872
0.202549,0.58872
0.202549,0.589354
0.202549,0.589987
0.20282,0.589987
0.203091,0.589987
0.203362,0.589987
0.203633,0.589987
0.203633,0.590621
0.203633,0.591255
0.203905,0.591255
0.203905,0.591888
0.204176,0.591888
0.204447,0.591888
0.204718,0.591888
0.204989,0.591888
0.204989,0.592522
0.204989,0.593156
0.204989,0.59379
0.204989,0.594423
0.204989,0.595057
0.20526,0.595057
0.205531,0.595057
0.205531,0.595691
0.205531,0.596324
0.205803,0.596324
0.205803,0.596958
0.206074,0.597592
0.206074,0.596958
0.206345,0.597592
0.206345,0.598226
0.206345,0.598859
0.206345,0.599493
0.206345,0.600127
0.206616,0.600127
0.206887,0.600127
0.207158,0.60076
0.207158,0.600127
0.207429,0.60076
0.207701,0.60076
0.207972,0.60076
0.208243,0.60076
0.208514,0.60076
0.208514,0.601394
0.208785,0.601394
0.209056,0.601394
0.209056,0.602028
0.209328,0.602028
0.209599,0.602662
0.209599,0.602028
0.209599,0.603929
0.209599,0.603295
0.20987,0.603929
0.210141,0.603929
0.210141,0.604563
0.210412,0.604563
0.210683,0.604563
0.210683,0.605196
0.210683,0.60583
0.210683,0.606464
0.210683,0.607098
0.210683,0.607731
0.210683,0.608365
0.210954,0.608365
0.211226,0.608365
0.211497,0.608365
0.211497,0.608999
0.211768,0.608999
0.212039,0.608999
0.212039,0.610266
0.212581,0.610266
0.212852,0.610266
0.213124,0.610266
0.213395,0.610266
0.213666,0.610266
0.213937,0.610266
0.214208,0.610266
0.214479,0.610266
0.214751,0.610266
0.215022,0.610266
0.215293,0.610266
0.215293,0.6109
0.215564,0.6109
0.215835,0.6109
0.216106,0.6109
0.216377,0.6109
0.216649,0.6109
0.216649,0.611534
0.21692,0.611534
0.21692,0.612167
0.21692,0.612801
0.21692,0.613435
0.21692,0.614068
0.217191,0.614068
0.217191,0.614702
0.217462,0.614702
0.217733,0.614702
0.217733,0.615336
0.218004,0.615336
0.218275,0.615336
0.218547,0.615336
0.218818,0.615336
0.219089,0.615336
0.21936,0.615336
0.219631,0.615336
0.219631,0.61597
0.219902,0.61597
0.220174,0.61597
0.220445,0.616603
0.220445,0.61597
0.220716,0.616603
0.220987,0.616603
0.220987,0.617237
0.220987,0.617871
0.221258,0.617871
0.221258,0.618504
0.221529,0.618504
0.2218,0.620406
0.2218,0.618504
0.2218,0.619772
0.222072,0.621039
0.222072,0.620406
0.222343,0.621039
0.222614,0.621039
0.222885,0.621673
0.222885,0.621039
0.223156,0.621673
0.223427,0.621673
0.223427,0.622307
0.223698,0.622307
0.22397,0.622307
0.22397,0.62294
0.22397,0.623574
0.22397,0.624208
0.224241,0.624208
0.224512,0.624208
0.224512,0.624842
0.224512,0.625475
0.224783,0.625475
0.225054,0.625475
0.225325,0.625475
0.225325,0.626743
0.225597,0.626743
0.225868,0.626743
0.226139,0.626743
0.22641,0.626743
0.226681,0.626743
0.226952,0.626743
0.227223,0.626743
0.227495,0.626743
0.227766,0.626743
0.228037,0.626743
0.228308,0.626743
0.228308,0.627376
0.228579,0.627376
0.22885,0.627376
0.22885,0.62801
0.229393,0.62801
0.229664,0.62801
0.229935,0.628644
0.229935,0.62801
0.230206,0.628644
0.230477,0.628644
0.230748,0.628644
0.23102,0.628644
0.231291,0.628644
0.231562,0.628644
0.231562,0.629278
0.231833,0.629278
0.231833,0.629911
0.232104,0.629911
0.232375,0.629911
0.232646,0.629911
0.232646,0.630545
0.232918,0.630545
0.232918,0.631179
0.233189,0.631179
0.233189,0.631812
0.23346,0.631812
0.233731,0.631812
0.234002,0.631812
0.234273,0.631812
0.234273,0.632446
0.234544,0.632446
0.234816,0.632446
0.235087,0.633714
0.235087,0.63308
0.235087,0.632446
0.235358,0.634347
0.235358,0.634981
0.235358,0.635615
0.235629,0.635615
0.236171,0.635615
0.236443,0.635615
0.236714,0.635615
0.236985,0.635615
0.237256,0.636248
0.237256,0.635615
0.237527,0.636248
0.237798,0.636248
0.237798,0.636882
0.237798,0.637516
0.238069,0.637516
0.238341,0.637516
0.238612,0.637516
0.238612,0.63815
0.238883,0.63815
0.239154,0.63815
0.239154,0.638783
0.239425,0.638783
0.239696,0.638783
0.239967,0.638783
0.240239,0.638783
0.24051,0.638783
0.240781,0.638783
0.241052,0.638783
0.241052,0.640051
0.241052,0.639417
0.241323,0.640051
0.241594,0.640051
0.241594,0.640684
0.241866,0.640684
0.242408,0.640684
0.242679,0.640684
0.242679,0.641318
0.24295,0.641318
0.243221,0.641318
0.243492,0.641318
0.243764,0.641318
0.244035,0.641318
0.244035,0.641952
0.244306,0.641952
0.244577,0.641952
0.244577,0.642586
0.244848,0.642586
0.245119,0.642586
0.24539,0.642586
0.24539,0.643219
0.24539,0.643853
0.245662,0.643853
0.245662,0.644487
0.245662,0.64512
0.245933,0.64512
0.246204,0.64512
0.246204,0.645754
0.246475,0.645754
0.246475,0.646388
0.246746,0.646388
0.247017,0.646388
0.247289,0.646388
0.24756,0.646388
0.24756,0.647022
0.247831,0.647022
0.248102,0.647022
0.248102,0.647655
0.248373,0.647655
0.248644,0.647655
0.248915,0.647655
0.249187,0.647655
0.249458,0.647655
0.249729,0.647655
0.249729,0.648289
0.25,0.648289
0.250271,0.648289
0.250542,0.648289
0.250813,0.650824
0.250813,0.65019
0.250813,0.649556
0.250813,0.648289
0.250813,0.648923
0.251085,0.650824
0.251356,0.650824
0.251627,0.650824
0.251898,0.650824
0.252169,0.650824
0.25244,0.650824
0.252712,0.650824
0.252983,0.650824
0.253254,0.650824
0.253254,0.651458
0.253525,0.651458
0.253796,0.651458
0.254067,0.651458
0.254338,0.651458
0.25461,0.651458
0.254881,0.651458
0.254881,0.652091
0.255152,0.652091
0.255694,0.652091
0.255965,0.652091
0.256236,0.652091
0.256508,0.652091
0.256779,0.652091
0.256779,0.652725
0.25705,0.652725
0.257321,0.652725
0.257592,0.652725
0.257592,0.653359
0.258134,0.653359
0.258134,0.653992
0.258406,0.653992
0.258406,0.654626
0.258677,0.654626
0.258948,0.65526
0.259219,0.656527
0.259219,0.65526
0.259219,0.655894
0.25949,0.657161
0.25949,0.656527
0.259761,0.657161
0.260033,0.657161
0.260304,0.657161
0.260304,0.657795
0.260575,0.659062
0.260575,0.659696
0.260575,0.658428
0.260575,0.657795
0.260846,0.659696
0.261117,0.659696
0.261388,0.659696
0.261659,0.659696
0.261659,0.66033
0.261931,0.66033
0.262202,0.66033
0.262202,0.660963
0.262473,0.660963
0.262473,0.662231
0.262473,0.662864
0.262473,0.663498
0.262744,0.663498
0.262744,0.664132
0.262744,0.664766
0.262744,0.665399
0.263015,0.665399
0.263286,0.665399
0.263557,0.665399
0.263829,0.665399
0.2641,0.665399
0.2641,0.666033
0.2641,0.666667
0.264371,0.666667
0.264642,0.666667
0.264913,0.6673
0.264913,0.666667
0.264913,0.667934
0.265184,0.667934
0.265456,0.667934
0.265727,0.667934
0.265998,0.667934
0.266269,0.668568
0.26654,0.668568
0.266811,0.668568
0.267082,0.668568
0.267082,0.669201
0.267354,0.669201
0.267625,0.669201
0.267896,0.669201
0.267896,0.669835
0.267896,0.670469
0.268167,0.670469
0.268709,0.673004
0.268709,0.671103
0.268709,0.671736
0.268709,0.670469
0.26898,0.673004
0.26898,0.673638
0.269252,0.673638
0.269523,0.673638
0.269794,0.673638
0.270065,0.673638
0.270065,0.674271
0.270065,0.674905
0.270336,0.674905
0.270607,0.674905
0.270879,0.674905
0.270879,0.675539
0.27115,0.675539
0.271421,0.676172
0.271421,0.675539
0.271692,0.676172
0.271692,0.676806
0.271963,0.676806
0.271963,0.67744
0.272234,0.67744
0.272505,0.67744
0.272777,0.67744
0.273048,0.67744
0.273319,0.67744
0.273319,0.678074
0.27359,0.678074
0.273861,0.678074
0.274132,0.678074
0.274403,0.678074
0.274675,0.678074
0.274946,0.678074
0.275217,0.678707
0.275217,0.678074
0.275488,0.678707
0.275488,0.679341
0.275759,0.679341
0.27603,0.679341
0.276302,0.679341
0.276302,0.679975
0.276573,0.679975
0.276573,0.680608
0.276844,0.680608
0.277115,0.680608
0.277386,0.680608
0.277657,0.680608
0.277928,0.680608
0.2782,0.680608
0.2782,0.681242
0.278471,0.681242
0.278742,0.681242
0.279013,0.681242
0.279284,0.681242
0.279284,0.682509
0.279284,0.681876
0.279555,0.682509
0.279826,0.682509
0.280098,0.682509
0.280369,0.683143
0.280369,0.682509
0.28064,0.683143
0.28064,0.683777
0.28064,0.684411
0.28064,0.685044
0.280911,0.685044
0.281182,0.685044
0.281453,0.685044
0.281725,0.685044
0.281996,0.685044
0.282267,0.685044
0.282538,0.685044
0.282809,0.685044
0.28308,0.685044
0.283351,0.685044
0.283623,0.685044
0.283623,0.685678
0.283894,0.685678
0.283894,0.686312
0.284165,0.686312
0.284165,0.686945
0.284436,0.686945
0.284707,0.686945
0.284978,0.686945
0.284978,0.687579
0.285249,0.687579
0.285521,0.687579
0.285521,0.688213
0.285521,0.688847
0.285792,0.688847
0.286063,0.690114
0.286063,0.688847
0.286063,0.68948
0.286334,0.690114
0.286605,0.690114
0.286876,0.690114
0.287147,0.690114
0.287419,0.690114
0.28769,0.690114
0.28769,0.690748
0.28769,0.691382
0.287961,0.691382
0.287961,0.692015
0.288232,0.692015
0.288503,0.692015
0.288774,0.692015
0.289046,0.692015
0.289046,0.692649
0.289317,0.692649
0.289588,0.692649
0.289859,0.692649
0.290401,0.692649
0.290672,0.692649
0.290944,0.692649
0.291215,0.692649
0.291486,0.692649
0.291486,0.693283
0.291757,0.693283
0.291757,0.693916
0.292028,0.693916
0.292299,0.693916
0.292299,0.69455
0.292299,0.695184
0.292571,0.695184
0.292842,0.695184
0.293113,0.695184
0.293113,0.695817
0.293384,0.695817
0.293655,0.696451
0.293655,0.695817
0.293926,0.696451
0.294197,0.696451
0.294469,0.696451
0.29474,0.696451
0.29474,0.697085
0.29474,0.697719
0.29474,0.698352
0.295011,0.698352
0.295282,0.698352
0.295282,0.698986
0.295553,0.698986
0.295553,0.69962
0.295824,0.69962
0.296095,0.69962
0.296367,0.700887
0.296367,0.69962
0.296367,0.700253
0.296638,0.700887
0.296638,0.701521
0.296909,0.701521
0.29718,0.701521
0.297451,0.701521
0.297722,0.701521
0.298265,0.701521
0.298536,0.701521
0.298536,0.703422
0.298536,0.702788
0.298536,0.702155
0.298807,0.703422
0.299078,0.703422
0.299349,0.703422
0.29962,0.703422
0.299892,0.705323
0.299892,0.703422
0.299892,0.704056
0.300163,0.705323
0.300434,0.705323
0.300705,0.705323
0.301247,0.705323
0.301247,0.705957
0.301518,0.705957
0.30179,0.705957
0.302061,0.706591
0.302061,0.707858
0.302061,0.707224
0.302061,0.705957
0.302332,0.707858
0.302603,0.708492
0.302874,0.708492
0.303145,0.708492
0.303416,0.708492
0.303688,0.708492
0.303688,0.709125
0.303959,0.709125
0.30423,0.709125
0.30423,0.709759
0.304501,0.709759
0.304501,0.710393
0.304501,0.711027
0.304501,0.71166
0.304501,0.712294
0.304772,0.712294
0.305043,0.712294
0.305315,0.712294
0.305315,0.712928
0.305586,0.712928
0.305586,0.713561
0.305857,0.713561
0.306128,0.713561
0.306399,0.713561
0.30667,0.713561
0.306941,0.713561
0.307213,0.714195
0.307213,0.713561
0.307484,0.714829
0.307484,0.714195
0.307755,0.714829
0.307755,0.715463
0.308297,0.715463
0.308568,0.715463
0.308839,0.715463
0.309111,0.715463
0.309382,0.715463
0.309653,0.715463
0.309924,0.715463
0.310195,0.715463
0.310466,0.715463
0.310738,0.715463
0.311009,0.715463
0.31128,0.715463
0.311551,0.715463
0.311551,0.716096
0.311822,0.716096
0.312093,0.716096
0.312364,0.716096
0.312364,0.71673
0.312636,0.71673
0.312636,0.717364
0.312636,0.717997
0.312907,0.717997
0.313178,0.717997
0.313449,0.717997
0.31372,0.717997
0.31372,0.718631
0.313991,0.718631
0.314262,0.720532
0.314262,0.719899
0.314262,0.718631
0.314262,0.719265
0.314534,0.720532
0.314534,0.721166
0.314805,0.721166
0.314805,0.7218
0.315076,0.7218
0.315347,0.7218
0.315618,0.7218
0.315889,0.7218
0.316161,0.7218
0.316432,0.7218
0.316703,0.7218
0.316974,0.7218
0.317245,0.7218
0.317516,0.7218
0.317516,0.722433
0.317787,0.722433
0.318059,0.722433
0.31833,0.722433
0.318601,0.722433
0.318872,0.722433
0.318872,0.723067
0.319143,0.723067
0.319414,0.723067
0.319414,0.723701
0.319685,0.723701
0.320228,0.723701
0.320499,0.723701
0.32077,0.723701
0.32077,0.724335
0.32077,0.724968
0.321041,0.724968
0.321312,0.724968
0.321584,0.726236
0.321584,0.724968
0.321584,0.725602
0.321855,0.726869
0.321855,0.726236
0.322397,0.726869
0.322668,0.726869
0.322939,0.726869
0.32321,0.726869
0.323482,0.726869
0.323753,0.726869
0.323753,0.727503
0.324295,0.727503
0.324566,0.727503
0.324566,0.728137
0.324837,0.728137
0.324837,0.728771
0.325108,0.728771
0.32538,0.728771
0.325651,0.728771
0.325922,0.728771
0.325922,0.729404
0.326193,0.729404
0.326735,0.729404
0.326735,0.730038
0.327007,0.730038
0.327278,0.730038
0.32782,0.730038
0.328091,0.730038
0.328362,0.730038
0.328633,0.730038
0.328905,0.730038
0.328905,0.730672
0.329176,0.730672
0.329447,0.730672
0.329447,0.731305
0.329718,0.731305
0.329989,0.731939
0.329989,0.731305
0.33026,0.731939
0.330531,0.731939
0.330803,0.731939
0.331074,0.731939
0.331616,0.731939
0.331616,0.732573
0.331616,0.733207
0.331616,0.73384
0.331887,0.73384
0.332158,0.73384
0.332429,0.73384
0.332701,0.73384
0.332701,0.734474
0.332972,0.734474
0.332972,0.735108
0.333243,0.735108
0.333243,0.735741
0.333514,0.735741
0.333785,0.735741
0.334056,0.735741
0.334056,0.736375
0.334328,0.736375
0.334599,0.736375
0.33487,0.736375
0.335141,0.736375
0.335412,0.736375
0.335683,0.736375
0.335954,0.736375
0.336226,0.736375
0.336768,0.736375
0.337039,0.736375
0.33731,0.736375
0.337581,0.736375
0.337853,0.736375
0.338124,0.736375
0.338395,0.736375
0.338395,0.737009
0.338666,0.737009
0.338666,0.737643
0.339208,0.737643
0.339479,0.738276
0.339479,0.737643
0.339751,0.739544
0.339751,0.738276
0.339751,0.740811
0.339751,0.740177
0.340022,0.740811
0.340293,0.740811
0.340564,0.740811
0.340835,0.740811
0.341106,0.740811
0.341106,0.741445
0.341377,0.741445
0.341649,0.741445
0.34192,0.741445
0.342191,0.741445
0.342462,0.741445
0.342733,0.741445
0.343004,0.741445
0.343004,0.742079
0.343275,0.742079
0.343547,0.742079
0.343818,0.742079
0.343818,0.742712
0.344089,0.742712
0.34436,0.742712
0.344631,0.742712
0.344631,0.744613
0.344631,0.74398
0.344631,0.743346
0.344902,0.744613
0.344902,0.745247
0.345174,0.745247
0.345174,0.745881
0.345174,0.746515
0.345445,0.746515
0.345716,0.746515
0.345987,0.746515
0.346258,0.746515
0.346529,0.746515
0.3468,0.746515
0.347072,0.747782
0.347072,0.747148
0.347072,0.746515
0.347343,0.747782
0.347343,0.749049
0.347343,0.748416
0.347614,0.749049
0.347614,0.749683
0.347885,0.750317
0.348156,0.750317
0.348427,0.750317
0.348427,0.750951
0.348698,0.750951
0.34897,0.750951
0.34897,0.751584
0.34897,0.752218
0.349241,0.752218
0.349512,0.752218
0.349783,0.752218
0.350054,0.752218
0.350325,0.752218
0.350868,0.752218
0.350868,0.752852
0.351139,0.752852
0.35141,0.752852
0.351681,0.752852
0.351952,0.752852
0.351952,0.753485
0.351952,0.754753
0.351952,0.755387
0.351952,0.756654
0.352223,0.756654
0.352223,0.757288
0.352223,0.757921
0.352223,0.758555
0.352495,0.758555
0.352766,0.758555
0.353037,0.758555
0.353308,0.758555
0.353579,0.758555
0.35385,0.758555
0.354121,0.758555
0.354121,0.759189
0.354393,0.759189
0.354664,0.759189
0.354935,0.759189
0.354935,0.759823
0.355206,0.759823
0.355477,0.759823
0.355748,0.759823
0.35602,0.759823
0.356291,0.759823
0.356562,0.759823
0.356833,0.759823
0.357104,0.759823
0.357375,0.759823
0.357646,0.759823
0.357646,0.760456
0.357918,0.760456
0.358189,0.760456
0.35846,0.760456
0.35846,0.76109
0.358731,0.76109
0.359002,0.76109
0.359273,0.76109
0.359544,0.76109
0.359816,0.76109
0.360087,0.76109
0.360358,0.76109
0.360629,0.76109
0.360629,0.761724
0.3609,0.761724
0.3609,0.762357
0.361171,0.762357
0.361443,0.762357
0.361714,0.762357
0.361985,0.762357
0.362256,0.762357
0.362527,0.762357
0.363069,0.762357
0.363341,0.762357
0.363341,0.762991
0.363612,0.762991
0.363883,0.762991
0.363883,0.763625
0.364154,0.763625
0.364425,0.763625
0.364425,0.764259
0.364696,0.765526
0.364696,0.764892
0.364696,0.764259
0.364967,0.76616
0.364967,0.766793
0.365239,0.766793
0.36551,0.766793
0.36551,0.767427
0.365781,0.767427
0.366052,0.767427
0.366323,0.767427
0.366594,0.768061
0.366594,0.768695
0.366866,0.768695
0.366866,0.769328
0.367137,0.769328
0.367137,0.769962
0.367408,0.771863
0.367408,0.771229
0.367408,0.769962
0.367408,0.770596
0.367679,0.771863
0.36795,0.771863
0.36795,0.772497
0.368221,0.772497
0.368492,0.772497
0.368492,0.773131
0.368764,0.773131
0.369035,0.773131
0.369577,0.773131
0.369848,0.773131
0.370119,0.773131
0.37039,0.773131
0.370662,0.773131
0.370933,0.773131
0.371204,0.773131
0.371204,0.773764
0.371475,0.773764
0.371475,0.774398
0.371746,0.774398
0.372017,0.774398
0.372288,0.774398
0.37256,0.774398
0.37256,0.775032
0.372831,0.775032
0.372831,0.775665
0.373102,0.775665
0.373373,0.776933
0.373373,0.776299
0.373373,0.775665
0.373644,0.776933
0.373915,0.776933
0.373915,0.777567
0.374187,0.777567
0.374458,0.777567
0.374729,0.777567
0.374729,0.7782
0.375,0.7782
0.375271,0.7782
0.375542,0.7782
0.375813,0.7782
0.376085,0.7782
0.376356,0.7782
0.376356,0.778834
0.376627,0.778834
0.376898,0.778834
0.377169,0.778834
0.37744,0.778834
0.377712,0.778834
0.377983,0.778834
0.377983,0.779468
0.378254,0.779468
0.378525,0.779468
0.378796,0.779468
0.379067,0.779468
0.379338,0.779468
0.37961,0.780101
0.379881,0.780101
0.380152,0.780101
0.380423,0.780101
0.380965,0.780101
0.381236,0.780101
0.381508,0.780101
0.381779,0.780735
0.381779,0.780101
0.38205,0.780735
0.382321,0.780735
0.382321,0.781369
0.382592,0.781369
0.382592,0.782003
0.382863,0.782003
0.382863,0.782636
0.383134,0.782636
0.383134,0.78327
0.383406,0.78327
0.383677,0.78327
0.383948,0.78327
0.383948,0.784537
0.383948,0.783904
0.384219,0.784537
0.384219,0.785171
0.38449,0.785171
0.384761,0.785171
0.385033,0.785171
0.385304,0.785171
0.385304,0.785805
0.385575,0.785805
0.385846,0.785805
0.385846,0.786439
0.386117,0.786439
0.386388,0.786439
0.386659,0.787706
0.386659,0.787072
0.386659,0.786439
0.386931,0.787706
0.387202,0.787706
0.387202,0.78834
0.387473,0.78834
0.387744,0.78834
0.388015,0.78834
0.388015,0.788973
0.388286,0.788973
0.388286,0.790875
0.388286,0.790241
0.388286,0.789607
0.388829,0.790875
0.3891,0.790875
0.389642,0.790875
0.389913,0.790875
0.390184,0.790875
0.390184,0.791508
0.390456,0.791508
0.390727,0.791508
0.390998,0.791508
0.391269,0.791508
0.39154,0.791508
0.391811,0.791508
0.392082,0.791508
0.392354,0.791508
0.392625,0.792776
0.392625,0.793409
0.392896,0.793409
0.393167,0.793409
0.393438,0.793409
0.393438,0.794043
0.393709,0.794043
0.393709,0.79531
0.39398,0.79531
0.394252,0.79531
0.394523,0.79531
0.394794,0.79531
0.395065,0.79531
0.395336,0.79531
0.395607,0.79531
0.395607,0.795944
0.395879,0.795944
0.39615,0.795944
0.39615,0.797212
0.39615,0.796578
0.396421,0.797212
0.396421,0.797845
0.396692,0.797845
0.397234,0.797845
0.397234,0.798479
0.397777,0.798479
0.398048,0.798479
0.398319,0.798479
0.39859,0.798479
0.398861,0.798479
0.398861,0.799113
0.399132,0.799113
0.399403,0.799113
0.399675,0.799113
0.399946,0.799113
0.400217,0.799113
0.400488,0.799113
0.400488,0.799747
0.400488,0.80038
0.400759,0.80038
0.40103,0.80038
0.401573,0.80038
0.401844,0.80038
0.402115,0.80038
0.402115,0.801014
0.402386,0.801014
0.402657,0.801014
0.402928,0.801014
0.4032,0.802281
0.4032,0.801648
0.4032,0.801014
0.403471,0.802281
0.403471,0.802915
0.403471,0.803549
0.403742,0.803549
0.404013,0.803549
0.404284,0.803549
0.404284,0.804183
0.404284,0.804816
0.404555,0.804816
0.404555,0.80545
0.405098,0.80545
0.405369,0.80545
0.405369,0.806084
0.405369,0.806717
0.40564,0.806717
0.406182,0.807351
0.406182,0.806717
0.406453,0.807351
0.406725,0.807351
0.406725,0.807985
0.406725,0.808618
0.407267,0.808618
0.407538,0.808618
0.40808,0.808618
0.408623,0.808618
0.408894,0.808618
0.409165,0.808618
0.409707,0.808618
0.410249,0.808618
0.410521,0.808618
0.410521,0.809252
0.410792,0.809252
0.411063,0.809252
0.411063,0.809886
0.411605,0.809886
0.411605,0.81052
0.411876,0.81052
0.412147,0.81052
0.412419,0.81052
0.41269,0.81052
0.412961,0.81052
0.413232,0.81052
0.413503,0.81052
0.413774,0.81052
0.414046,0.81052
0.414317,0.81052
0.414588,0.81052
0.414859,0.81052
0.41513,0.811153
0.41513,0.81052
0.415401,0.811153
0.415672,0.811153
0.415944,0.811153
0.415944,0.813055
0.415944,0.812421
0.415944,0.811787
0.416215,0.813688
0.416215,0.814322
0.416486,0.814322
0.416757,0.814322
0.417028,0.814322
0.417299,0.814322
0.417571,0.814322
0.417842,0.814322
0.418384,0.814322
0.418655,0.814322
0.418926,0.814322
0.419197,0.814956
0.419197,0.814322
0.419469,0.814956
0.419469,0.815589
0.41974,0.815589
0.41974,0.816223
0.420011,0.816223
0.420282,0.816223
0.420553,0.816223
0.420824,0.816223
0.421095,0.816223
0.421367,0.816223
0.421367,0.816857
0.421638,0.816857
0.421909,0.816857
0.421909,0.817491
0.422451,0.817491
0.422722,0.818758
0.422722,0.818124
0.422722,0.817491
0.422993,0.818758
0.423265,0.818758
0.423536,0.818758
0.423807,0.818758
0.424078,0.818758
0.424078,0.819392
0.424349,0.819392
0.42462,0.819392
0.424892,0.819392
0.425163,0.819392
0.425434,0.819392
0.425705,0.819392
0.425976,0.819392
0.42679,0.819392
0.427061,0.819392
0.427332,0.819392
0.427603,0.820025
0.427603,0.819392
0.427874,0.820025
0.428145,0.820025
0.428145,0.820659
0.428416,0.820659
0.428688,0.820659
0.428959,0.820659
0.42923,0.820659
0.42923,0.821293
0.429501,0.821293
0.429501,0.821926
0.429772,0.821926
0.430043,0.821926
0.430315,0.82256
0.430586,0.82256
0.430586,0.823194
0.430857,0.823194
0.43167,0.823194
0.431941,0.823828
0.431941,0.823194
0.432213,0.825095
0.432213,0.823828
0.432484,0.825729
0.432484,0.825095
0.432484,0.826362
0.432755,0.826362
0.432755,0.826996
0.433026,0.826996
0.433297,0.826996
0.433568,0.826996
0.433839,0.826996
0.434111,0.826996
0.434111,0.82763
0.434111,0.828264
0.434382,0.828264
0.434653,0.828264
0.434924,0.828264
0.435195,0.828264
0.435195,0.828897
0.435466,0.828897
0.435738,0.828897
0.436009,0.828897
0.43628,0.828897
0.436551,0.828897
0.436551,0.829531
0.436822,0.829531
0.437093,0.829531
0.437364,0.829531
0.437636,0.829531
0.437907,0.829531
0.437907,0.830165
0.437907,0.831432
0.438178,0.831432
0.438449,0.831432
0.43872,0.831432
0.438991,0.831432
0.439262,0.831432
0.439534,0.831432
0.439805,0.831432
0.440076,0.831432
0.440618,0.831432
0.440618,0.832066
0.440889,0.832066
0.441432,0.832066
0.441432,0.833333
0.441703,0.833333
0.441974,0.833333
0.442245,0.833333
0.442245,0.834601
0.442516,0.834601
0.442787,0.834601
0.443059,0.837136
0.443059,0.836502
0.443059,0.834601
0.443059,0.835234
0.44333,0.837136
0.443601,0.837136
0.443872,0.837136
0.444414,0.837136
0.444414,0.837769
0.444685,0.838403
0.444685,0.837769
0.444957,0.838403
0.444957,0.839037
0.445228,0.839037
0.445499,0.839037
0.44577,0.839037
0.446041,0.839037
0.446312,0.839037
0.446584,0.840304
0.446584,0.839037
0.446584,0.83967
0.446855,0.840304
0.447126,0.840304
0.447397,0.840938
0.447397,0.840304
0.447668,0.840938
0.447668,0.841572
0.447668,0.842205
0.447939,0.842205
0.44821,0.842205
0.448482,0.842839
0.448482,0.842205
0.448753,0.842839
0.449024,0.842839
0.449024,0.843473
0.449295,0.843473
0.449295,0.844106
0.449566,0.844106
0.449566,0.84474
0.449837,0.84474
0.450108,0.84474
0.45038,0.84474
0.450651,0.84474
0.450651,0.845374
0.450651,0.846008
0.450922,0.846008
0.451193,0.846008
0.451464,0.846008
0.451735,0.846008
0.452007,0.846008
0.452278,0.846008
0.452278,0.846641
0.452549,0.846641
0.45282,0.846641
0.453362,0.846641
0.453905,0.846641
0.454176,0.846641
0.454447,0.847275
0.454447,0.846641
0.454718,0.847275
0.454989,0.847275
0.45526,0.847275
0.455531,0.847275
0.455803,0.847275
0.455803,0.847909
0.456074,0.847909
0.456345,0.847909
0.456616,0.847909
0.457158,0.847909
0.457429,0.847909
0.457429,0.848542
0.457701,0.848542
0.457972,0.848542
0.458243,0.848542
0.458514,0.848542
0.458785,0.848542
0.459056,0.848542
0.459328,0.848542
0.459599,0.848542
0.45987,0.849176
0.460141,0.849176
0.460412,0.849176
0.460683,0.849176
0.460954,0.849176
0.461226,0.849176
0.461497,0.849176
0.461768,0.849176
0.462039,0.849176
0.46231,0.84981
0.462581,0.84981
0.462581,0.850444
0.462853,0.850444
0.463124,0.850444
0.463395,0.850444
0.463666,0.850444
0.463937,0.850444
0.464208,0.850444
0.464479,0.851077
0.464479,0.850444
0.465022,0.851077
0.465293,0.851077
0.465293,0.851711
0.465564,0.851711
0.465835,0.851711
0.466106,0.851711
0.466377,0.851711
0.466649,0.851711
0.467191,0.852345
0.467462,0.852345
0.467462,0.852978
0.467733,0.852978
0.468004,0.852978
0.468275,0.852978
0.468547,0.852978
0.468818,0.852978
0.469089,0.852978
0.469089,0.853612
0.46936,0.854246
0.46936,0.853612
0.469631,0.854246
0.469902,0.854246
0.469902,0.85488
0.470174,0.85488
0.470445,0.85488
0.470445,0.855513
0.470987,0.856147
0.470987,0.855513
0.471258,0.856147
0.471258,0.856781
0.471529,0.856781
0.4718,0.856781
0.472072,0.856781
0.472343,0.856781
0.472614,0.856781
0.472885,0.856781
0.473156,0.856781
0.473427,0.856781
0.473698,0.856781
0.47397,0.856781
0.474241,0.856781
0.474512,0.856781
0.475054,0.856781
0.475054,0.857414
0.475325,0.857414
0.475868,0.857414
0.476139,0.857414
0.47641,0.857414
0.476681,0.857414
0.476952,0.857414
0.476952,0.858048
0.477223,0.858048
0.477223,0.858682
0.477495,0.858682
0.477766,0.858682
0.478037,0.858682
0.478308,0.858682
0.478579,0.858682
0.47885,0.858682
0.479121,0.858682
0.479393,0.858682
0.479393,0.859316
0.479664,0.859316
0.479935,0.859316
0.479935,0.859949
0.480206,0.859949
0.480206,0.860583
0.480477,0.860583
0.480477,0.861217
0.480748,0.861217
0.48102,0.861217
0.481291,0.86185
0.481291,0.861217
0.481833,0.86185
0.482104,0.862484
0.482104,0.863118
0.482375,0.863118
0.482646,0.863118
0.482918,0.863118
0.483189,0.863118
0.48346,0.863118
0.483731,0.863118
0.484002,0.863118
0.484273,0.863118
0.484544,0.863118
0.484544,0.863752
0.484816,0.863752
0.485087,0.863752
0.485358,0.863752
0.485358,0.864385
0.485629,0.864385
0.4859,0.864385
0.486171,0.864385
0.486443,0.864385
0.486714,0.864385
0.486985,0.864385
0.487256,0.864385
0.487527,0.864385
0.487798,0.864385
0.488341,0.864385
0.488612,0.864385
0.488883,0.864385
0.489154,0.864385
0.489425,0.864385
0.489425,0.865019
0.489425,0.865653
0.489967,0.865653
0.490239,0.865653
0.49051,0.865653
0.490781,0.865653
0.491052,0.865653
0.491052,0.866286
0.491323,0.866286
0.491594,0.866286
0.491866,0.866286
0.492137,0.866286
0.492679,0.866286
0.49295,0.866286
0.493221,0.866286
0.493492,0.866286
0.493764,0.866286
0.493764,0.86692
0.494035,0.86692
0.494306,0.86692
0.494577,0.869455
0.494577,0.867554
0.494577,0.86692
0.494577,0.868821
0.495119,0.869455
0.49539,0.869455
0.49539,0.870089
0.495933,0.870089
0.496204,0.870089
0.496204,0.871356
0.496475,0.871356
0.497017,0.871356
0.497288,0.871356
0.497288,0.87199
0.49756,0.873257
0.497831,0.873257
0.498102,0.873257
0.498102,0.873891
0.498373,0.873891
0.498644,0.873891
0.498915,0.873891
0.499187,0.873891
0.499458,0.873891
0.499729,0.873891
0.5,0.873891
0.500271,0.873891
0.500542,0.873891
0.500813,0.873891
0.501085,0.873891
0.501085,0.874525
0.501356,0.874525
0.501898,0.874525
0.502169,0.874525
0.50244,0.874525
0.502711,0.874525
0.502983,0.874525
0.503254,0.874525
0.503254,0.875158
0.503525,0.875158
0.503796,0.875792
0.503796,0.875158
0.504067,0.875792
0.504338,0.875792
0.504338,0.876426
0.50461,0.876426
0.504881,0.87706
0.504881,0.877693
0.505152,0.877693
0.505423,0.877693
0.505694,0.877693
0.506236,0.877693
0.50705,0.877693
0.507321,0.877693
0.507321,0.878327
0.507592,0.878327
0.507863,0.878327
0.508134,0.878961
0.508134,0.878327
0.508406,0.878961
0.508677,0.878961
0.508677,0.879594
0.508948,0.879594
0.509219,0.879594
0.50949,0.879594
0.509761,0.879594
0.510033,0.879594
0.510033,0.880228
0.510304,0.880228
0.510846,0.880228
0.510846,0.880862
0.511117,0.880862
0.511388,0.880862
0.511659,0.880862
0.511931,0.882763
0.511931,0.880862
0.511931,0.882129
0.512473,0.882763
0.512473,0.883397
0.512744,0.883397
0.513015,0.883397
0.513286,0.883397
0.513829,0.88403
0.5141,0.88403
0.514371,0.88403
0.514642,0.88403
0.514642,0.885298
0.514913,0.885298
0.515184,0.885298
0.515456,0.885298
0.515456,0.885932
0.515727,0.885932
0.515998,0.885932
0.516269,0.886565
0.516269,0.887199
0.51654,0.887199
0.516811,0.887199
0.517082,0.887199
0.517354,0.887199
0.517625,0.887199
0.517896,0.887199
0.517896,0.887833
0.518438,0.887833
0.518709,0.887833
0.518981,0.887833
0.519252,0.887833
0.519252,0.888466
0.519252,0.8891
0.519252,0.889734
0.519523,0.889734
0.519794,0.889734
0.520065,0.889734
0.520336,0.889734
0.520607,0.889734
0.520879,0.889734
0.52115,0.889734
0.52115,0.890368
0.521421,0.890368
0.521421,0.891001
0.521692,0.891001
0.521963,0.891001
0.522234,0.891001
0.522777,0.891001
0.523048,0.891001
0.523319,0.891001
0.52359,0.891001
0.523861,0.891001
0.524132,0.891001
0.524403,0.891001
0.524403,0.891635
0.524675,0.891635
0.524946,0.891635
0.525217,0.891635
0.525488,0.891635
0.525759,0.891635
0.52603,0.891635
0.52603,0.892269
0.52603,0.892902
0.526302,0.892902
0.526844,0.892902
0.527115,0.892902
0.527386,0.892902
0.527657,0.892902
0.527928,0.892902
0.5282,0.892902
0.528471,0.892902
0.528742,0.892902
0.528742,0.893536
0.529013,0.893536
0.529013,0.89417
0.529284,0.89417
0.529555,0.89417
0.529555,0.894804
0.529826,0.894804
0.530098,0.894804
0.530369,0.894804
0.530911,0.894804
0.531182,0.894804
0.531453,0.894804
0.531725,0.894804
0.531996,0.894804
0.532809,0.895437
0.53308,0.895437
0.533351,0.895437
0.533894,0.896705
0.533894,0.896071
0.533894,0.895437
0.534165,0.896705
0.534436,0.896705
0.534707,0.896705
0.534978,0.896705
0.535249,0.896705
0.535521,0.896705
0.535792,0.896705
0.536063,0.896705
0.536063,0.897338
0.536063,0.897972
0.536334,0.897972
0.536605,0.897972
0.536876,0.897972
0.537148,0.897972
0.537419,0.897972
0.53769,0.897972
0.537961,0.897972
0.537961,0.898606
0.538232,0.898606
0.538503,0.898606
0.538774,0.898606
0.539317,0.898606
0.539588,0.898606
0.539588,0.89924
0.539859,0.89924
0.54013,0.89924
0.54013,0.899873
0.54013,0.901141
0.540401,0.901141
0.540672,0.901141
0.540944,0.901141
0.541215,0.901141
0.541486,0.901141
0.541757,0.901141
0.542028,0.901141
0.542299,0.901141
0.54257,0.901141
0.54257,0.901774
0.542842,0.901774
0.542842,0.902408
0.543113,0.902408
0.543113,0.903042
0.543384,0.903042
0.543655,0.903042
0.543926,0.903042
0.544197,0.903042
0.54474,0.903042
0.545011,0.903042
0.545282,0.903042
0.545553,0.903042
0.545824,0.903042
0.545824,0.903676
0.546095,0.903676
0.546367,0.903676
0.546367,0.904309
0.546367,0.904943
0.546638,0.904943
0.546909,0.904943
0.54718,0.905577
0.547451,0.905577
0.547722,0.905577
0.547993,0.905577
0.548265,0.905577
0.548536,0.905577
0.548807,0.905577
0.549078,0.905577
0.549349,0.905577
0.549349,0.906844
0.550163,0.906844
0.550163,0.907478
0.550434,0.907478
0.550705,0.907478
0.550976,0.907478
0.551518,0.907478
0.55179,0.908112
0.55179,0.907478
0.55179,0.908745
0.552061,0.908745
0.552061,0.910013
0.552332,0.910646
0.552603,0.910646
0.552874,0.910646
0.553145,0.910646
0.553416,0.910646
0.553688,0.910646
0.553959,0.910646
0.553959,0.91128
0.553959,0.911914
0.553959,0.912548
0.55423,0.912548
0.554501,0.912548
0.554772,0.912548
0.555043,0.912548
0.555315,0.912548
0.555586,0.913181
0.555586,0.913815
0.555586,0.914449
0.555586,0.912548
0.555857,0.914449
0.556128,0.914449
0.556399,0.914449
0.55667,0.914449
0.556941,0.914449
0.557213,0.914449
0.557484,0.914449
0.557755,0.914449
0.558026,0.914449
0.558297,0.914449
0.558568,0.914449
0.558839,0.914449
0.559111,0.914449
0.559382,0.915082
0.559382,0.914449
0.559653,0.915082
0.559924,0.915082
0.560195,0.915082
0.560466,0.915082
0.560466,0.915716
0.560738,0.915716
0.561009,0.915716
0.56128,0.915716
0.561551,0.915716
0.562364,0.915716
0.562636,0.915716
0.562636,0.91635
0.562907,0.91635
0.562907,0.916984
0.563178,0.916984
0.563449,0.916984
0.563449,0.917617
0.563991,0.917617
0.564262,0.917617
0.564534,0.917617
0.564534,0.918251
0.564805,0.918251
0.565347,0.918251
0.565347,0.918885
0.565889,0.918885
0.566161,0.918885
0.566432,0.918885
0.566703,0.918885
0.566703,0.919518
0.566974,0.919518
0.567245,0.919518
0.567516,0.919518
0.567787,0.919518
0.568059,0.920786
0.568059,0.919518
0.56833,0.920786
0.568601,0.920786
0.568601,0.92142
0.568872,0.92142
0.569143,0.92142
0.569685,0.92142
0.569957,0.92142
0.570228,0.92142
0.570499,0.92142
0.57077,0.92142
0.571312,0.92142
0.571584,0.92142
0.571855,0.92142
0.572397,0.92142
0.572668,0.92142
0.572939,0.92142
0.57321,0.92142
0.573482,0.92142
0.573753,0.92142
0.574024,0.92142
0.574295,0.92142
0.574566,0.92142
0.574837,0.92142
0.575108,0.92142
0.57538,0.92142
0.575651,0.92142
0.575651,0.922053
0.575922,0.922053
0.576193,0.922053
0.576735,0.922053
0.577007,0.922053
0.577007,0.923321
0.577278,0.923321
0.577549,0.923321
0.57782,0.923321
0.578091,0.923321
0.578362,0.923321
0.578362,0.923954
0.578633,0.923954
0.579718,0.923954
0.579989,0.923954
0.58026,0.923954
0.580531,0.923954
0.580803,0.923954
0.581074,0.923954
0.581074,0.924588
0.581345,0.924588
0.581616,0.924588
0.581616,0.925222
0.581887,0.925222
0.581887,0.925856
0.582158,0.925856
0.582701,0.925856
0.582701,0.926489
0.582972,0.926489
0.583243,0.926489
0.583514,0.926489
0.583785,0.926489
0.584056,0.926489
0.584328,0.926489
0.584599,0.926489
0.58487,0.926489
0.585141,0.926489
0.585412,0.926489
0.585412,0.927123
0.585683,0.927123
0.586226,0.927123
0.586226,0.927757
0.586497,0.927757
0.586768,0.92839
0.587039,0.92839
0.587581,0.92839
0.588124,0.92839
0.588395,0.92839
0.588666,0.92839
0.588937,0.92839
0.589208,0.92839
0.589479,0.92839
0.589751,0.92839
0.590022,0.92839
0.590022,0.929024
0.590293,0.929024
0.590835,0.929024
0.591106,0.929024
0.591377,0.929024
0.591649,0.929024
0.59192,0.929024
0.59192,0.929658
0.592191,0.929658
0.592462,0.929658
0.592733,0.929658
0.593004,0.929658
0.593275,0.930292
0.593275,0.929658
0.593547,0.930292
0.593547,0.930925
0.593818,0.930925
0.594089,0.930925
0.59436,0.930925
0.594631,0.930925
0.594902,0.930925
0.595174,0.930925
0.595445,0.930925
0.595987,0.930925
0.596258,0.930925
0.596529,0.930925
0.5968,0.930925
0.597072,0.930925
0.597343,0.930925
0.597614,0.930925
0.598156,0.930925
0.598156,0.931559
0.598698,0.931559
0.598698,0.932193
0.59897,0.932193
0.599241,0.932193
0.599512,0.932193
0.599783,0.932193
0.600054,0.932193
0.600325,0.932193
0.600597,0.932193
0.600868,0.932193
0.601139,0.932193
0.60141,0.932193
0.601681,0.932193
0.601952,0.932193
0.602223,0.932193
0.602495,0.932193
0.602766,0.932193
0.603037,0.932193
0.603308,0.932193
0.603579,0.932193
0.60385,0.932193
0.604121,0.932193
0.604393,0.932193
0.604664,0.932193
0.604935,0.932193
0.605206,0.932193
0.605477,0.932193
0.605748,0.932193
0.606019,0.932193
0.606291,0.932193
0.606562,0.932193
0.606833,0.932193
0.607104,0.932193
0.607375,0.932193
0.607646,0.934094
0.607646,0.932826
0.607918,0.934094
0.608189,0.934094
0.60846,0.934094
0.609002,0.934094
0.609002,0.934727
0.609273,0.934727
0.609544,0.934727
0.609816,0.934727
0.610087,0.934727
0.610358,0.934727
0.610629,0.934727
0.6109,0.934727
0.611171,0.934727
0.611714,0.934727
0.611985,0.934727
0.612256,0.934727
0.612256,0.935361
0.612527,0.935361
0.612798,0.935995
0.613341,0.935995
0.613612,0.935995
0.613883,0.935995
0.614154,0.935995
0.614425,0.935995
0.614696,0.935995
0.614967,0.935995
0.615239,0.935995
0.61551,0.935995
0.615781,0.935995
0.616052,0.935995
0.616323,0.935995
0.616594,0.935995
0.617137,0.935995
0.617137,0.936629
0.617137,0.937262
0.617679,0.937262
0.61795,0.937262
0.618221,0.937262
0.618764,0.937896
0.619035,0.937896
0.619306,0.937896
0.619577,0.937896
0.619848,0.937896
0.620119,0.937896
0.62039,0.937896
0.621475,0.937896
0.621746,0.937896
0.622017,0.93853
0.62256,0.93853
0.622831,0.93853
0.623102,0.93853
0.623373,0.93853
0.623644,0.93853
0.623915,0.93853
0.624187,0.93853
0.624187,0.939164
0.624458,0.939164
0.625,0.939164
0.625271,0.939164
0.625542,0.939164
0.625813,0.939164
0.626085,0.939164
0.626085,0.939797
0.626356,0.939797
0.626898,0.939797
0.626898,0.940431
0.627169,0.940431
0.62744,0.940431
0.627711,0.940431
0.627983,0.940431
0.628254,0.940431
0.628525,0.940431
0.628525,0.941065
0.628796,0.941065
0.629067,0.941065
0.629338,0.941065
0.62961,0.941065
0.629881,0.941065
0.630152,0.941065
0.630694,0.941065
0.630965,0.941065
0.631236,0.941065
0.631779,0.941065
0.63205,0.941065
0.632321,0.941065
0.632592,0.941065
0.632863,0.941065
0.633406,0.941065
0.633677,0.941065
0.633677,0.941698
0.633677,0.942332
0.633948,0.942332
0.634219,0.942332
0.63449,0.942332
0.634761,0.942332
0.635033,0.942332
0.635304,0.942332
0.635575,0.942332
0.635846,0.942332
0.636117,0.942332
0.636117,0.942966
0.636117,0.9436
0.636388,0.944867
0.636388,0.9436
0.636659,0.944867
0.636931,0.944867
0.637202,0.944867
0.637473,0.944867
0.637473,0.945501
0.637744,0.945501
0.637744,0.946134
0.638015,0.946134
0.638286,0.946134
0.6391,0.946768
0.639371,0.946768
0.639371,0.947402
0.639642,0.947402
0.639913,0.947402
0.640184,0.947402
0.640456,0.947402
0.640727,0.947402
0.640998,0.947402
0.641269,0.947402
0.64154,0.947402
0.641811,0.947402
0.642082,0.947402
0.642625,0.947402
0.642896,0.947402
0.642896,0.948035
0.643167,0.948035
0.643438,0.948035
0.643709,0.948035
0.644523,0.948035
0.644794,0.948035
0.645065,0.948035
0.645336,0.948035
0.645607,0.948035
0.64615,0.948035
0.646421,0.948035
0.646692,0.948035
0.647777,0.948035
0.647777,0.948669
0.648048,0.948669
0.648319,0.948669
0.648319,0.949303
0.648319,0.949937
0.64859,0.949937
0.648861,0.949937
0.649132,0.949937
0.649403,0.949937
0.649675,0.949937
0.649675,0.95057
0.649946,0.95057
0.650217,0.95057
0.650488,0.95057
0.650759,0.95057
0.65103,0.95057
0.651302,0.95057
0.651573,0.95057
0.651844,0.95057
0.652115,0.95057
0.652386,0.95057
0.652657,0.95057
0.652928,0.95057
0.6532,0.95057
0.653471,0.95057
0.653742,0.95057
0.654013,0.95057
0.654284,0.95057
0.654555,0.95057
0.654826,0.95057
0.655098,0.95057
0.655098,0.951204
0.65564,0.951204
0.656182,0.951204
0.656182,0.951838
0.656453,0.951838
0.656725,0.951838
0.656996,0.951838
0.657267,0.952471
0.657809,0.952471
0.658351,0.952471
0.658623,0.952471
0.658894,0.952471
0.659165,0.953105
0.659436,0.953105
0.659707,0.953105
0.660521,0.953739
0.660792,0.953739
0.661063,0.953739
0.661334,0.953739
0.661605,0.953739
0.661876,0.953739
0.662148,0.953739
0.662419,0.954373
0.662419,0.955006
0.66269,0.955006
0.663232,0.955006
0.663774,0.955006
0.663774,0.95564
0.663774,0.956274
0.664046,0.956907
0.664046,0.956274
0.664317,0.956907
0.664588,0.956907
0.664859,0.956907
0.66513,0.956907
0.665401,0.956907
0.665672,0.956907
0.665944,0.956907
0.666215,0.956907
0.666757,0.957541
0.667028,0.957541
0.667299,0.957541
0.66757,0.957541
0.667842,0.957541
0.668113,0.957541
0.668384,0.957541
0.668655,0.958175
0.668655,0.957541
0.669197,0.958175
0.669469,0.958175
0.66974,0.958175
0.670282,0.958175
0.670553,0.958175
0.670824,0.958175
0.671095,0.958175
0.671367,0.958175
0.671638,0.958175
0.671909,0.958809
0.67218,0.958809
0.672451,0.958809
0.672722,0.958809
0.673265,0.958809
0.673807,0.958809
0.674078,0.958809
0.674349,0.958809
0.67462,0.958809
0.674892,0.958809
0.675163,0.958809
0.675705,0.958809
0.675976,0.958809
0.676247,0.958809
0.677332,0.958809
0.677603,0.958809
0.677874,0.958809
0.678145,0.958809
0.678688,0.959442
0.67923,0.959442
0.679501,0.959442
0.680315,0.959442
0.680586,0.960076
0.680857,0.960076
0.681128,0.960076
0.681399,0.960076
0.68167,0.960076
0.681941,0.960076
0.683297,0.960076
0.683568,0.960076
0.683839,0.960076
0.684111,0.960076
0.684382,0.960076
0.684653,0.960076
0.684653,0.96071
0.684924,0.96071
0.685195,0.96071
0.685466,0.96071
0.685738,0.96071
0.686551,0.96071
0.686822,0.96071
0.687093,0.96071
0.687364,0.96071
0.687636,0.96071
0.688178,0.96071
0.688449,0.96071
0.68872,0.96071
0.688991,0.96071
0.689262,0.96071
0.689805,0.96071
0.690076,0.96071
0.690347,0.96071
0.690618,0.96071
0.690889,0.96071
0.691161,0.96071
0.691432,0.96071
0.691703,0.96071
0.691703,0.961343
0.691974,0.961343
0.692245,0.961343
0.692516,0.961343
0.692787,0.961343
0.693059,0.961343
0.693872,0.961343
0.694143,0.961343
0.694957,0.961343
0.695228,0.961343
0.695499,0.961343
0.69577,0.961343
0.69577,0.961977
0.696041,0.961977
0.696312,0.961977
0.696584,0.961977
0.696855,0.961977
0.697126,0.961977
0.697397,0.961977
0.697668,0.961977
0.697939,0.961977
0.69821,0.961977
0.699024,0.961977
0.699295,0.961977
0.699566,0.961977
0.699837,0.961977
0.700108,0.962611
0.70038,0.962611
0.700651,0.962611
0.701464,0.962611
0.701735,0.962611
0.702007,0.962611
0.702007,0.963245
0.702007,0.963878
0.702278,0.963878
0.702549,0.963878
0.70282,0.963878
0.703091,0.963878
0.703905,0.963878
0.704176,0.963878
0.704176,0.964512
0.704718,0.964512
0.704989,0.964512
0.70526,0.964512
0.705531,0.964512
0.705803,0.964512
0.706074,0.964512
0.706345,0.964512
0.706616,0.964512
0.706887,0.964512
0.707158,0.964512
0.70743,0.964512
0.70743,0.965146
0.707701,0.965146
0.708243,0.965146
0.708514,0.965146
0.708785,0.965146
0.709056,0.965146
0.709328,0.965146
0.709328,0.965779
0.709599,0.965779
0.70987,0.965779
0.710141,0.965779
0.710412,0.965779
0.710683,0.965779
0.711226,0.965779
0.711497,0.966413
0.711497,0.967047
0.711768,0.967047
0.712039,0.967047
0.71231,0.967047
0.71231,0.967681
0.712581,0.967681
0.712852,0.967681
0.713124,0.967681
0.713666,0.967681
0.713937,0.967681
0.714208,0.967681
0.714479,0.967681
0.714751,0.967681
0.715022,0.967681
0.715293,0.968314
0.715564,0.968314
0.715835,0.968314
0.716106,0.968314
0.716377,0.968314
0.716649,0.968314
0.716649,0.968948
0.71692,0.968948
0.717191,0.968948
0.717462,0.968948
0.718004,0.968948
0.718275,0.968948
0.718547,0.968948
0.718818,0.968948
0.719089,0.968948
0.71936,0.968948
0.719631,0.968948
0.720174,0.968948
0.720445,0.968948
0.720716,0.968948
0.7218,0.968948
0.722343,0.968948
0.722885,0.968948
0.723156,0.968948
0.723427,0.968948
0.72397,0.968948
0.72397,0.969582
0.724241,0.969582
0.724783,0.969582
0.725054,0.969582
0.725325,0.969582
0.725597,0.969582
0.726139,0.969582
0.72641,0.969582
0.726681,0.969582
0.726952,0.969582
0.727223,0.969582
0.727495,0.969582
0.727766,0.969582
0.728037,0.969582
0.728308,0.969582
0.728579,0.969582
0.728579,0.970215
0.728579,0.970849
0.728579,0.971483
0.72885,0.971483
0.729121,0.971483
0.729393,0.971483
0.729664,0.971483
0.729935,0.971483
0.730206,0.971483
0.730477,0.971483
0.730748,0.971483
0.731019,0.971483
0.731562,0.971483
0.731833,0.971483
0.732104,0.971483
0.732375,0.971483
0.732646,0.971483
0.732918,0.971483
0.733189,0.971483
0.73346,0.971483
0.733731,0.971483
0.734002,0.971483
0.734273,0.971483
0.734544,0.971483
0.734816,0.971483
0.735358,0.971483
0.735629,0.971483
0.7359,0.971483
0.736443,0.971483
0.736714,0.971483
0.736985,0.971483
0.737256,0.971483
0.737527,0.972117
0.737527,0.971483
0.737798,0.972117
0.738069,0.972117
0.738341,0.972117
0.738612,0.972117
0.740239,0.972117
0.74051,0.972117
0.741052,0.972117
0.741052,0.97275
0.741323,0.97275
0.741866,0.97275
0.742408,0.97275
0.74295,0.97275
0.743221,0.97275
0.743492,0.97275
0.743764,0.97275
0.744035,0.97275
0.744306,0.97275
0.744577,0.973384
0.745119,0.973384
0.74539,0.973384
0.745933,0.973384
0.746475,0.973384
0.746475,0.974018
0.746746,0.974018
0.747017,0.974018
0.747831,0.974018
0.748102,0.974018
0.748373,0.974018
0.748644,0.974651
0.748915,0.975285
0.749187,0.975285
0.749458,0.975285
0.750542,0.975285
0.750813,0.975285
0.751627,0.975285
0.751898,0.975285
0.75244,0.975285
0.752711,0.975285
0.752983,0.975285
0.753254,0.975285
0.753525,0.975285
0.753796,0.975285
0.754067,0.975285
0.754338,0.975285
0.75461,0.975285
0.754881,0.975285
0.755965,0.975285
0.756236,0.975285
0.756508,0.975285
0.75705,0.975285
0.757321,0.975285
0.757592,0.975285
0.758134,0.975285
0.758406,0.975285
0.758677,0.975285
0.758948,0.975285
0.75949,0.975285
0.759761,0.975285
0.759761,0.975919
0.760033,0.975919
0.760304,0.976553
0.760304,0.975919
0.760575,0.976553
0.760846,0.976553
0.761117,0.976553
0.761388,0.976553
0.761659,0.976553
0.761931,0.976553
0.762202,0.976553
0.762473,0.976553
0.762744,0.977186
0.762744,0.976553
0.763015,0.977186
0.763286,0.977186
0.763829,0.977186
0.7641,0.977186
0.764371,0.977186
0.764642,0.977186
0.765184,0.977186
0.765456,0.977186
0.765727,0.977186
0.766269,0.977186
0.76654,0.977186
0.766811,0.977186
0.767354,0.977186
0.767896,0.977186
0.768167,0.977186
0.768438,0.977186
0.768709,0.977186
0.768981,0.977186
0.769252,0.977186
0.769523,0.977186
0.770336,0.977186
0.770607,0.977186
0.770879,0.977186
0.77115,0.977186
0.771421,0.977186
0.771692,0.977186
0.772234,0.977186
0.772234,0.97782
0.772505,0.97782
0.772777,0.97782
0.772777,0.978454
0.773319,0.978454
0.77359,0.978454
0.773861,0.978454
0.774403,0.978454
0.774946,0.978454
0.775217,0.978454
0.775488,0.978454
0.775759,0.978454
0.77603,0.978454
0.776302,0.978454
0.776573,0.978454
0.776844,0.978454
0.777115,0.978454
0.777386,0.978454
0.777657,0.978454
0.7782,0.978454
0.778471,0.978454
0.779013,0.978454
0.779284,0.978454
0.779555,0.978454
0.779826,0.978454
0.780098,0.978454
0.780369,0.978454
0.780911,0.978454
0.781182,0.978454
0.781725,0.978454
0.782267,0.978454
0.782538,0.978454
0.782809,0.978454
0.782809,0.979087
0.78308,0.979087
0.783351,0.979087
0.783623,0.979087
0.784707,0.979087
0.785249,0.979087
0.785521,0.979087
0.785792,0.979087
0.786063,0.979087
0.786334,0.979721
0.786334,0.979087
0.786876,0.979721
0.787148,0.979721
0.787419,0.979721
0.78769,0.979721
0.787961,0.979721
0.788232,0.979721
0.788503,0.979721
0.788503,0.980989
0.788503,0.980355
0.788774,0.980989
0.789046,0.980989
0.789588,0.980989
0.79013,0.980989
0.791215,0.980989
0.791486,0.980989
0.791757,0.980989
0.792028,0.981622
0.792028,0.982256
0.792299,0.982256
0.79257,0.982256
0.792842,0.982256
0.793384,0.982256
0.793926,0.982256
0.79474,0.982256
0.795011,0.982256
0.795282,0.982256
0.795553,0.982256
0.795824,0.982256
0.796095,0.982256
0.796367,0.982256
0.796638,0.982256
0.796909,0.982256
0.79718,0.982256
0.797451,0.982256
0.797722,0.982256
0.798807,0.982256
0.799349,0.982256
0.79962,0.982256
0.799892,0.982256
0.800163,0.982256
0.800434,0.982256
0.800705,0.982256
0.801247,0.982256
0.801518,0.982256
0.80179,0.982256
0.802332,0.982256
0.802603,0.982256
0.803688,0.982256
0.803959,0.982256
0.80423,0.982256
0.804772,0.982256
0.805043,0.982256
0.805315,0.982256
0.805586,0.982256
0.805857,0.982256
0.806128,0.982256
0.806399,0.982256
0.80667,0.982256
0.806941,0.982256
0.807484,0.982256
0.808026,0.982256
0.808297,0.982256
0.808568,0.982256
0.808839,0.982256
0.809111,0.982256
0.809382,0.982256
0.809653,0.982256
0.809924,0.982256
0.810195,0.982256
0.811009,0.982256
0.81128,0.982256
0.811551,0.982256
0.811822,0.982256
0.812093,0.982256
0.812364,0.982256
0.812636,0.982256
0.812907,0.982256
0.81372,0.982256
0.813991,0.98289
0.813991,0.982256
0.814262,0.98289
0.814262,0.983523
0.814534,0.983523
0.814805,0.983523
0.815076,0.983523
0.815889,0.983523
0.816161,0.984791
0.816161,0.985425
0.816432,0.985425
0.816703,0.985425
0.816974,0.985425
0.817787,0.985425
0.818059,0.985425
0.81833,0.985425
0.818872,0.985425
0.819143,0.985425
0.819685,0.985425
0.819957,0.985425
0.820228,0.985425
0.820499,0.985425
0.82077,0.985425
0.821041,0.985425
0.821312,0.985425
0.821584,0.985425
0.821855,0.985425
0.822126,0.985425
0.822397,0.985425
0.822668,0.985425
0.822939,0.985425
0.82321,0.985425
0.823482,0.985425
0.823753,0.985425
0.824024,0.985425
0.824295,0.985425
0.824566,0.985425
0.824837,0.985425
0.825108,0.985425
0.82538,0.985425
0.825651,0.985425
0.825922,0.985425
0.826193,0.985425
0.826464,0.985425
0.826735,0.986058
0.827549,0.986058
0.828091,0.986058
0.828362,0.986058
0.828633,0.986058
0.828905,0.986058
0.829176,0.986058
0.829718,0.986058
0.829989,0.986058
0.831345,0.986058
0.831616,0.986058
0.831887,0.986058
0.832158,0.986058
0.83243,0.986058
0.833243,0.986058
0.833243,0.986692
0.833785,0.986692
0.834056,0.986692
0.834328,0.986692
0.834599,0.986692
0.83487,0.986692
0.835412,0.986692
0.835683,0.986692
0.835954,0.986692
0.83731,0.986692
0.837852,0.986692
0.838124,0.986692
0.838395,0.986692
0.838937,0.986692
0.839208,0.986692
0.840022,0.986692
0.840293,0.986692
0.840564,0.986692
0.840835,0.986692
0.840835,0.987326
0.841377,0.987326
0.841649,0.987326
0.84192,0.987326
0.842191,0.987326
0.843004,0.987326
0.843818,0.987326
0.844089,0.987326
0.84436,0.987326
0.844902,0.987326
0.845445,0.987326
0.845987,0.987326
0.845987,0.987959
0.846258,0.987959
0.846258,0.988593
0.846529,0.988593
0.847343,0.988593
0.847614,0.988593
0.847885,0.988593
0.848156,0.988593
0.848427,0.988593
0.848698,0.988593
0.849241,0.988593
0.849512,0.988593
0.849783,0.988593
0.850054,0.988593
0.850868,0.988593
0.85141,0.988593
0.851952,0.988593
0.852223,0.988593
0.852495,0.988593
0.852766,0.988593
0.853037,0.988593
0.85385,0.988593
0.854121,0.988593
0.854393,0.988593
0.854664,0.988593
0.855748,0.988593
0.855748,0.989227
0.856019,0.989227
0.856562,0.989227
0.856833,0.989227
0.857375,0.989227
0.857646,0.989227
0.857918,0.989227
0.85846,0.989227
0.859273,0.989227
0.859544,0.989227
0.859816,0.989227
0.860087,0.989227
0.860358,0.989227
0.8609,0.989227
0.861171,0.989227
0.861443,0.989227
0.861714,0.989227
0.861985,0.989227
0.862527,0.989227
0.862798,0.989861
0.862798,0.990494
0.863069,0.990494
0.863341,0.990494
0.863612,0.990494
0.864154,0.990494
0.864425,0.990494
0.864696,0.990494
0.864967,0.990494
0.865239,0.990494
0.86551,0.990494
0.865781,0.990494
0.866052,0.990494
0.866323,0.990494
0.866594,0.990494
0.866866,0.990494
0.867137,0.990494
0.867408,0.990494
0.867679,0.990494
0.868221,0.990494
0.868764,0.990494
0.869035,0.990494
0.869306,0.990494
0.869577,0.990494
0.869848,0.990494
0.870119,0.990494
0.87039,0.990494
0.870933,0.990494
0.871204,0.990494
0.871475,0.990494
0.872017,0.990494
0.872289,0.990494
0.87256,0.990494
0.872831,0.990494
0.873102,0.990494
0.873644,0.991128
0.873915,0.991762
0.874187,0.991762
0.875,0.991762
0.875271,0.991762
0.875813,0.991762
0.876085,0.991762
0.876356,0.991762
0.876627,0.991762
0.876898,0.991762
0.877169,0.991762
0.87744,0.991762
0.877711,0.991762
0.877983,0.991762
0.878254,0.991762
0.878525,0.991762
0.878796,0.991762
0.879067,0.991762
0.879338,0.991762
0.87961,0.991762
0.879881,0.991762
0.880423,0.991762
0.880694,0.991762
0.880965,0.991762
0.880965,0.992395
0.880965,0.994297
0.881236,0.994297
0.881508,0.994297
0.881779,0.994297
0.88205,0.994297
0.882321,0.994297
0.882592,0.994297
0.882863,0.994297
0.883406,0.994297
0.883677,0.994297
0.883948,0.994297
0.884219,0.994297
0.88449,0.994297
0.88449,0.99493
0.884761,0.99493
0.885304,0.99493
0.885575,0.99493
0.885846,0.99493
0.886117,0.99493
0.887202,0.99493
0.887473,0.99493
0.887744,0.99493
0.888015,0.99493
0.888286,0.99493
0.888829,0.99493
0.8891,0.99493
0.889371,0.99493
0.890184,0.995564
0.890184,0.99493
0.890456,0.995564
0.890727,0.995564
0.890998,0.995564
0.891269,0.995564
0.89154,0.995564
0.891811,0.995564
0.892354,0.995564
0.892625,0.995564
0.893167,0.995564
0.893438,0.996198
0.893709,0.996198
0.893981,0.996198
0.894252,0.996198
0.895336,0.996198
0.895607,0.996198
0.895879,0.996198
0.89615,0.996198
0.896421,0.996198
0.896963,0.996198
0.89859,0.996198
0.898861,0.996198
0.899132,0.996198
0.899403,0.996198
0.899675,0.996198
0.900217,0.996198
0.900488,0.996198
0.900759,0.996198
0.901844,0.996198
0.902386,0.996198
0.902657,0.996198
0.902657,0.996831
0.902928,0.996831
0.9032,0.996831
0.903471,0.996831
0.904555,0.996831
0.904826,0.996831
0.905098,0.996831
0.905369,0.996831
0.90564,0.996831
0.905911,0.996831
0.906182,0.996831
0.906725,0.996831
0.906996,0.996831
0.907267,0.996831
0.907538,0.996831
0.907809,0.996831
0.908351,0.996831
0.908894,0.996831
0.909165,0.996831
0.909436,0.996831
0.909707,0.996831
0.910521,0.996831
0.910792,0.996831
0.911063,0.996831
0.911334,0.996831
0.912148,0.996831
0.912961,0.996831
0.913232,0.996831
0.913503,0.996831
0.914046,0.996831
0.914317,0.996831
0.914588,0.996831
0.914859,0.996831
0.915672,0.996831
0.915944,0.996831
0.916215,0.996831
0.916486,0.996831
0.916757,0.996831
0.917299,0.996831
0.91757,0.996831
0.917842,0.996831
0.918113,0.996831
0.918655,0.996831
0.918926,0.996831
0.919197,0.996831
0.91974,0.996831
0.920282,0.996831
0.920553,0.996831
0.920824,0.996831
0.921095,0.996831
0.921367,0.996831
0.921638,0.996831
0.921909,0.996831
0.92218,0.996831
0.922451,0.996831
0.922722,0.996831
0.922993,0.996831
0.923265,0.996831
0.923807,0.996831
0.924078,0.996831
0.924349,0.996831
0.92462,0.996831
0.924892,0.996831
0.925163,0.996831
0.925705,0.996831
0.926247,0.996831
0.926518,0.996831
0.92679,0.996831
0.927061,0.996831
0.927603,0.996831
0.927874,0.996831
0.928145,0.996831
0.928145,0.997465
0.928416,0.997465
0.928688,0.997465
0.929501,0.997465
0.929772,0.997465
0.930315,0.997465
0.930857,0.997465
0.931128,0.997465
0.931399,0.997465
0.93167,0.997465
0.931941,0.997465
0.932213,0.997465
0.932484,0.998099
0.932755,0.998099
0.933026,0.998099
0.933297,0.998099
0.933568,0.998099
0.933839,0.998099
0.933839,0.998733
0.934111,0.998733
0.934382,0.998733
0.934653,0.998733
0.934924,0.998733
0.935195,0.998733
0.935466,0.998733
0.935738,0.998733
0.93628,0.998733
0.936822,0.998733
0.937093,0.998733
0.937364,0.998733
0.937636,0.998733
0.937907,0.998733
0.938991,0.998733
0.939262,0.998733
0.939805,0.998733
0.940076,0.998733
0.940347,0.998733
0.940618,0.998733
0.940889,0.998733
0.941432,0.998733
0.941703,0.998733
0.941974,0.998733
0.942245,0.998733
0.942516,0.998733
0.942787,0.998733
0.943059,0.998733
0.943872,0.998733
0.944143,0.998733
0.945228,0.998733
0.945499,0.998733
0.94577,0.998733
0.946041,0.998733
0.946312,0.998733
0.946584,0.998733
0.946855,0.998733
0.947397,0.998733
0.947668,0.998733
0.94821,0.998733
0.949024,0.998733
0.949566,0.998733
0.95038,0.998733
0.950651,0.998733
0.950922,0.998733
0.951193,0.998733
0.952278,0.998733
0.95282,0.998733
0.953091,0.998733
0.953633,0.998733
0.953905,0.998733
0.954176,0.998733
0.954447,0.998733
0.954718,0.998733
0.954989,0.998733
0.95526,0.998733
0.955803,0.998733
0.956345,0.998733
0.956616,0.998733
0.957701,0.998733
0.957972,0.998733
0.958243,0.998733
0.958514,0.998733
0.958785,0.998733
0.959056,0.998733
0.959599,0.998733
0.95987,0.998733
0.960141,0.998733
0.960412,0.998733
0.960683,0.998733
0.960954,0.998733
0.961497,0.998733
0.961768,0.998733
0.962039,0.998733
0.96231,0.998733
0.962581,0.998733
0.962852,0.998733
0.963124,0.998733
0.963395,0.998733
0.963666,0.998733
0.963666,0.999366
0.964479,0.999366
0.964751,0.999366
0.965022,0.999366
0.965293,0.999366
0.965564,0.999366
0.96692,0.999366
0.967191,0.999366
0.967462,0.999366
0.968004,0.999366
0.968818,0.999366
0.969089,0.999366
0.96936,0.999366
0.969902,0.999366
0.970174,0.999366
0.971258,0.999366
0.971529,0.999366
0.9718,0.999366
0.9718,1
0.972072,1
0.972614,1
0.973156,1
0.973698,1
0.97397,1
0.974512,1
0.975054,1
0.975325,1
0.975868,1
0.976139,1
0.976681,1
0.977223,1
0.977495,1
0.977766,1
0.978037,1
0.978308,1
0.97885,1
0.979121,1
0.979664,1
0.980748,1
0.981291,1
0.981833,1
0.982375,1
0.983189,1
0.983731,1
0.984273,1
0.984816,1
0.985087,1
0.985358,1
0.985629,1
0.986171,1
0.986443,1
0.986714,1
0.986985,1
0.987256,1
0.987527,1
0.987798,1
0.988069,1
0.988612,1
0.988883,1
0.989154,1
0.990239,1
0.99051,1
0.990781,1
0.991052,1
0.991594,1
0.992137,1
0.992408,1
0.99295,1
0.993492,1
0.994306,1
0.994848,1
0.995119,1
0.99539,1
0.995933,1
0.996204,1
0.996475,1
0.996746,1
0.997289,1
0.997831,1
0.998102,1
0.998373,1
0.998644,1
0.998915,1
0.999458,1
0.999729,1
1,1
